jurisdiction_id,name,jurisdiction_type,region,research_state,priority,initial_focus,notes
GLOBAL-ALL,All jurisdictions — explicit global registry coverage meta,COVERAGE_META,GLOBAL,GLOBAL_COUNTRY_AREA_ENUMERATION_COMPLETE_MATERIAL_SUBNATIONAL_METHOD_ACTIVE,P0,UN M49 country/area inventory + legally material subnational expansion triggers,"R002 enumerates the live UN M49 country/area universe and the complete U.S. Census state/statistical-equivalent set. Unlisted subnational jurisdictions remain in scope and are added when competence, separate legal system, enacted AI/data/privacy/consumer rules, case-law system, enforcement or cross-border relevance makes them material. Registry presence != substantive law researched."
INT-OECD,OECD,INTERNATIONAL_ORGANIZATION,GLOBAL,RESEARCH_REQUIRED,P1,AI principles; policy instruments; economic governance,Generally nonbinding unless incorporated elsewhere.
INT-UN,United Nations,INTERNATIONAL_ORGANIZATION,GLOBAL,RESEARCH_REQUIRED,P0,human rights; international law; digital governance; AI governance,Instrument-specific binding status required.
INT-UNESCO,UNESCO,INTERNATIONAL_ORGANIZATION,GLOBAL,SEED_VERIFIED,P0,AI ethics; neurotechnology; human dignity,"Recommendations are soft law, not statutes."
REG-ASEAN,ASEAN,REGIONAL_ORGANIZATION,ASIA,RESEARCH_REQUIRED,P1,regional AI governance guidance; cross-border data,Member-state rules differ.
REG-AU,African Union,REGIONAL_UNION,AFRICA,RESEARCH_REQUIRED,P1,continental AI strategy; data protection; human rights,Member-state implementation requires separate research.
REG-COE,Council of Europe,REGIONAL_INTERNATIONAL_ORGANIZATION,EUROPE,CETS225_L1_L2_TREATY_STATUS_BASELINE_COMPLETE_DOMESTIC_EFFECT_OPEN,P0,AI Framework Convention; ECHR rights; rule of law,"R004 current Treaty Office baseline on 2026-09-14 (official status as of 2026-09-12): 21 signatories; 20 signatures not followed by ratification/approval; European Union approval deposited 2026-05-15; 0 CoE member-State ratifications; Article 30 entry-into-force threshold not met. Current declarations displayed for EU, Norway and Ukraine; no reservation entry displayed. Domestic implementation/effect remains unverified per State and must not be inferred from signature."
REG-EU,European Union,SUPRANATIONAL_UNION,EUROPE,AI_ACT_L1_L2_BASELINE_COMPLETE_MEMBER_STATE_DEPENDENCIES_OPEN,P0,AI Act current consolidated/phased application; data protection; product safety/liability; consumer; cyber; competition,"R003 completed EU AI Act L1/L2 current baseline on 2026-09-14 using the verified 2026-07-27 consolidated text and Regulation (EU) 2026/1744. High-risk Chapter III Sections 1-3 are phased to 2027-12-02 for Article 6(2)/Annex III and 2028-08-02 for Article 6(1)/Annex I. Member-State implementation, national procedures, delegated/implementing acts refresh and case law remain separate research dependencies."
REG-OAS,Organization of American States,REGIONAL_ORGANIZATION,AMERICAS,RESEARCH_REQUIRED,P2,Inter-American rights; digital governance,Instrument-specific authority required.
AD,Andorra,UN_M49_COUNTRY_OR_AREA,Europe / Southern Europe,REGISTRY_ENUMERATED_RESEARCH_NOT_STARTED,P2,baseline legal-system/source mapping; AI/data/privacy/cyber/consumer/product/public-law interfaces,"UN M49 020 live country/area enumeration confirmed 2026-09-14. Enumeration does not decide sovereignty, recognition, treaty status, applicable law or domestic competence. UN M49 020 live enumeration confirmed 2026-09-14; M49 country/area label does not itself decide sovereignty or treaty status."
AE,United Arab Emirates,NATIONAL,MIDDLE_EAST,RESEARCH_REQUIRED,P2,data protection; AI governance; sector/free-zone rules,Federal/emirate/free-zone distinctions required. UN M49 784 live enumeration confirmed 2026-09-14; M49 country/area label does not itself decide sovereignty or treaty status.
AF,Afghanistan,UN_M49_COUNTRY_OR_AREA,Asia / Southern Asia,REGISTRY_ENUMERATED_RESEARCH_NOT_STARTED,P2,baseline legal-system/source mapping; AI/data/privacy/cyber/consumer/product/public-law interfaces,"UN M49 004 live country/area enumeration confirmed 2026-09-14. Enumeration does not decide sovereignty, recognition, treaty status, applicable law or domestic competence. UN M49 004 live enumeration confirmed 2026-09-14; M49 country/area label does not itself decide sovereignty or treaty status."
AG,Antigua and Barbuda,UN_M49_COUNTRY_OR_AREA,Americas / Latin America and the Caribbean,REGISTRY_ENUMERATED_RESEARCH_NOT_STARTED,P2,baseline legal-system/source mapping; AI/data/privacy/cyber/consumer/product/public-law interfaces,"UN M49 028 live country/area enumeration confirmed 2026-09-14. Enumeration does not decide sovereignty, recognition, treaty status, applicable law or domestic competence. UN M49 028 live enumeration confirmed 2026-09-14; M49 country/area label does not itself decide sovereignty or treaty status."
AI,Anguilla,UN_M49_COUNTRY_OR_AREA,Americas / Latin America and the Caribbean,REGISTRY_ENUMERATED_RESEARCH_NOT_STARTED,P2,baseline legal-system/source mapping; AI/data/privacy/cyber/consumer/product/public-law interfaces,"UN M49 660 live country/area enumeration confirmed 2026-09-14. Enumeration does not decide sovereignty, recognition, treaty status, applicable law or domestic competence. UN M49 660 live enumeration confirmed 2026-09-14; M49 country/area label does not itself decide sovereignty or treaty status."
AL,Albania,UN_M49_COUNTRY_OR_AREA,Europe / Southern Europe,REGISTRY_ENUMERATED_RESEARCH_NOT_STARTED,P2,baseline legal-system/source mapping; AI/data/privacy/cyber/consumer/product/public-law interfaces,"UN M49 008 live country/area enumeration confirmed 2026-09-14. Enumeration does not decide sovereignty, recognition, treaty status, applicable law or domestic competence. UN M49 008 live enumeration confirmed 2026-09-14; M49 country/area label does not itself decide sovereignty or treaty status."
AM,Armenia,UN_M49_COUNTRY_OR_AREA,Asia / Western Asia,REGISTRY_ENUMERATED_RESEARCH_NOT_STARTED,P2,baseline legal-system/source mapping; AI/data/privacy/cyber/consumer/product/public-law interfaces,"UN M49 051 live country/area enumeration confirmed 2026-09-14. Enumeration does not decide sovereignty, recognition, treaty status, applicable law or domestic competence. UN M49 051 live enumeration confirmed 2026-09-14; M49 country/area label does not itself decide sovereignty or treaty status."
AO,Angola,UN_M49_COUNTRY_OR_AREA,Africa / Sub-Saharan Africa,REGISTRY_ENUMERATED_RESEARCH_NOT_STARTED,P2,baseline legal-system/source mapping; AI/data/privacy/cyber/consumer/product/public-law interfaces,"UN M49 024 live country/area enumeration confirmed 2026-09-14. Enumeration does not decide sovereignty, recognition, treaty status, applicable law or domestic competence. UN M49 024 live enumeration confirmed 2026-09-14; M49 country/area label does not itself decide sovereignty or treaty status."
AQ,Antarctica,UN_M49_COUNTRY_OR_AREA,GLOBAL,REGISTRY_ENUMERATED_RESEARCH_NOT_STARTED,P2,baseline legal-system/source mapping; AI/data/privacy/cyber/consumer/product/public-law interfaces,"UN M49 010 live country/area enumeration confirmed 2026-09-14. Enumeration does not decide sovereignty, recognition, treaty status, applicable law or domestic competence. UN M49 010 live enumeration confirmed 2026-09-14; M49 country/area label does not itself decide sovereignty or treaty status."
AR,Argentina,NATIONAL,SOUTH_AMERICA,RESEARCH_REQUIRED,P2,data protection; consumer; civil liability; AI policy,Current reforms required. UN M49 032 live enumeration confirmed 2026-09-14; M49 country/area label does not itself decide sovereignty or treaty status.
AS,American Samoa,UN_M49_COUNTRY_OR_AREA,Oceania / Polynesia,REGISTRY_ENUMERATED_RESEARCH_NOT_STARTED,P2,baseline legal-system/source mapping; AI/data/privacy/cyber/consumer/product/public-law interfaces,"UN M49 016 live country/area enumeration confirmed 2026-09-14. Enumeration does not decide sovereignty, recognition, treaty status, applicable law or domestic competence. UN M49 016 live enumeration confirmed 2026-09-14; M49 country/area label does not itself decide sovereignty or treaty status."
AT,Austria,UN_M49_COUNTRY_OR_AREA,Europe / Western Europe,REGISTRY_ENUMERATED_RESEARCH_NOT_STARTED,P2,baseline legal-system/source mapping; AI/data/privacy/cyber/consumer/product/public-law interfaces,"UN M49 040 live country/area enumeration confirmed 2026-09-14. Enumeration does not decide sovereignty, recognition, treaty status, applicable law or domestic competence. UN M49 040 live enumeration confirmed 2026-09-14; M49 country/area label does not itself decide sovereignty or treaty status."
AU,Australia,NATIONAL,OCEANIA,RESEARCH_REQUIRED,P1,privacy; online safety; consumer; automated decisions; AI reform,Current reform status required. UN M49 036 live enumeration confirmed 2026-09-14; M49 country/area label does not itself decide sovereignty or treaty status.
AW,Aruba,UN_M49_COUNTRY_OR_AREA,Americas / Latin America and the Caribbean,REGISTRY_ENUMERATED_RESEARCH_NOT_STARTED,P2,baseline legal-system/source mapping; AI/data/privacy/cyber/consumer/product/public-law interfaces,"UN M49 533 live country/area enumeration confirmed 2026-09-14. Enumeration does not decide sovereignty, recognition, treaty status, applicable law or domestic competence. UN M49 533 live enumeration confirmed 2026-09-14; M49 country/area label does not itself decide sovereignty or treaty status."
AX,Åland Islands,UN_M49_COUNTRY_OR_AREA,Europe / Northern Europe,REGISTRY_ENUMERATED_RESEARCH_NOT_STARTED,P2,baseline legal-system/source mapping; AI/data/privacy/cyber/consumer/product/public-law interfaces,"UN M49 248 live country/area enumeration confirmed 2026-09-14. Enumeration does not decide sovereignty, recognition, treaty status, applicable law or domestic competence. UN M49 248 live enumeration confirmed 2026-09-14; M49 country/area label does not itself decide sovereignty or treaty status."
AZ,Azerbaijan,UN_M49_COUNTRY_OR_AREA,Asia / Western Asia,REGISTRY_ENUMERATED_RESEARCH_NOT_STARTED,P2,baseline legal-system/source mapping; AI/data/privacy/cyber/consumer/product/public-law interfaces,"UN M49 031 live country/area enumeration confirmed 2026-09-14. Enumeration does not decide sovereignty, recognition, treaty status, applicable law or domestic competence. UN M49 031 live enumeration confirmed 2026-09-14; M49 country/area label does not itself decide sovereignty or treaty status."
BA,Bosnia and Herzegovina,UN_M49_COUNTRY_OR_AREA,Europe / Southern Europe,REGISTRY_ENUMERATED_RESEARCH_NOT_STARTED,P2,baseline legal-system/source mapping; AI/data/privacy/cyber/consumer/product/public-law interfaces,"UN M49 070 live country/area enumeration confirmed 2026-09-14. Enumeration does not decide sovereignty, recognition, treaty status, applicable law or domestic competence. UN M49 070 live enumeration confirmed 2026-09-14; M49 country/area label does not itself decide sovereignty or treaty status."
BB,Barbados,UN_M49_COUNTRY_OR_AREA,Americas / Latin America and the Caribbean,REGISTRY_ENUMERATED_RESEARCH_NOT_STARTED,P2,baseline legal-system/source mapping; AI/data/privacy/cyber/consumer/product/public-law interfaces,"UN M49 052 live country/area enumeration confirmed 2026-09-14. Enumeration does not decide sovereignty, recognition, treaty status, applicable law or domestic competence. UN M49 052 live enumeration confirmed 2026-09-14; M49 country/area label does not itself decide sovereignty or treaty status."
BD,Bangladesh,UN_M49_COUNTRY_OR_AREA,Asia / Southern Asia,REGISTRY_ENUMERATED_RESEARCH_NOT_STARTED,P2,baseline legal-system/source mapping; AI/data/privacy/cyber/consumer/product/public-law interfaces,"UN M49 050 live country/area enumeration confirmed 2026-09-14. Enumeration does not decide sovereignty, recognition, treaty status, applicable law or domestic competence. UN M49 050 live enumeration confirmed 2026-09-14; M49 country/area label does not itself decide sovereignty or treaty status."
BE,Belgium,UN_M49_COUNTRY_OR_AREA,Europe / Western Europe,REGISTRY_ENUMERATED_RESEARCH_NOT_STARTED,P2,baseline legal-system/source mapping; AI/data/privacy/cyber/consumer/product/public-law interfaces,"UN M49 056 live country/area enumeration confirmed 2026-09-14. Enumeration does not decide sovereignty, recognition, treaty status, applicable law or domestic competence. UN M49 056 live enumeration confirmed 2026-09-14; M49 country/area label does not itself decide sovereignty or treaty status."
BF,Burkina Faso,UN_M49_COUNTRY_OR_AREA,Africa / Sub-Saharan Africa,REGISTRY_ENUMERATED_RESEARCH_NOT_STARTED,P2,baseline legal-system/source mapping; AI/data/privacy/cyber/consumer/product/public-law interfaces,"UN M49 854 live country/area enumeration confirmed 2026-09-14. Enumeration does not decide sovereignty, recognition, treaty status, applicable law or domestic competence. UN M49 854 live enumeration confirmed 2026-09-14; M49 country/area label does not itself decide sovereignty or treaty status."
BG,Bulgaria,UN_M49_COUNTRY_OR_AREA,Europe / Eastern Europe,REGISTRY_ENUMERATED_RESEARCH_NOT_STARTED,P2,baseline legal-system/source mapping; AI/data/privacy/cyber/consumer/product/public-law interfaces,"UN M49 100 live country/area enumeration confirmed 2026-09-14. Enumeration does not decide sovereignty, recognition, treaty status, applicable law or domestic competence. UN M49 100 live enumeration confirmed 2026-09-14; M49 country/area label does not itself decide sovereignty or treaty status."
BH,Bahrain,UN_M49_COUNTRY_OR_AREA,Asia / Western Asia,REGISTRY_ENUMERATED_RESEARCH_NOT_STARTED,P2,baseline legal-system/source mapping; AI/data/privacy/cyber/consumer/product/public-law interfaces,"UN M49 048 live country/area enumeration confirmed 2026-09-14. Enumeration does not decide sovereignty, recognition, treaty status, applicable law or domestic competence. UN M49 048 live enumeration confirmed 2026-09-14; M49 country/area label does not itself decide sovereignty or treaty status."
BI,Burundi,UN_M49_COUNTRY_OR_AREA,Africa / Sub-Saharan Africa,REGISTRY_ENUMERATED_RESEARCH_NOT_STARTED,P2,baseline legal-system/source mapping; AI/data/privacy/cyber/consumer/product/public-law interfaces,"UN M49 108 live country/area enumeration confirmed 2026-09-14. Enumeration does not decide sovereignty, recognition, treaty status, applicable law or domestic competence. UN M49 108 live enumeration confirmed 2026-09-14; M49 country/area label does not itself decide sovereignty or treaty status."
BJ,Benin,UN_M49_COUNTRY_OR_AREA,Africa / Sub-Saharan Africa,REGISTRY_ENUMERATED_RESEARCH_NOT_STARTED,P2,baseline legal-system/source mapping; AI/data/privacy/cyber/consumer/product/public-law interfaces,"UN M49 204 live country/area enumeration confirmed 2026-09-14. Enumeration does not decide sovereignty, recognition, treaty status, applicable law or domestic competence. UN M49 204 live enumeration confirmed 2026-09-14; M49 country/area label does not itself decide sovereignty or treaty status."
BL,Saint Barthélemy,UN_M49_COUNTRY_OR_AREA,Americas / Latin America and the Caribbean,REGISTRY_ENUMERATED_RESEARCH_NOT_STARTED,P2,baseline legal-system/source mapping; AI/data/privacy/cyber/consumer/product/public-law interfaces,"UN M49 652 live country/area enumeration confirmed 2026-09-14. Enumeration does not decide sovereignty, recognition, treaty status, applicable law or domestic competence. UN M49 652 live enumeration confirmed 2026-09-14; M49 country/area label does not itself decide sovereignty or treaty status."
BM,Bermuda,UN_M49_COUNTRY_OR_AREA,Americas / Northern America,REGISTRY_ENUMERATED_RESEARCH_NOT_STARTED,P2,baseline legal-system/source mapping; AI/data/privacy/cyber/consumer/product/public-law interfaces,"UN M49 060 live country/area enumeration confirmed 2026-09-14. Enumeration does not decide sovereignty, recognition, treaty status, applicable law or domestic competence. UN M49 060 live enumeration confirmed 2026-09-14; M49 country/area label does not itself decide sovereignty or treaty status."
BN,Brunei Darussalam,UN_M49_COUNTRY_OR_AREA,Asia / South-eastern Asia,REGISTRY_ENUMERATED_RESEARCH_NOT_STARTED,P2,baseline legal-system/source mapping; AI/data/privacy/cyber/consumer/product/public-law interfaces,"UN M49 096 live country/area enumeration confirmed 2026-09-14. Enumeration does not decide sovereignty, recognition, treaty status, applicable law or domestic competence. UN M49 096 live enumeration confirmed 2026-09-14; M49 country/area label does not itself decide sovereignty or treaty status."
BO,Bolivia (Plurinational State of),UN_M49_COUNTRY_OR_AREA,Americas / Latin America and the Caribbean,REGISTRY_ENUMERATED_RESEARCH_NOT_STARTED,P2,baseline legal-system/source mapping; AI/data/privacy/cyber/consumer/product/public-law interfaces,"UN M49 068 live country/area enumeration confirmed 2026-09-14. Enumeration does not decide sovereignty, recognition, treaty status, applicable law or domestic competence. UN M49 068 live enumeration confirmed 2026-09-14; M49 country/area label does not itself decide sovereignty or treaty status."
BQ,"Bonaire, Sint Eustatius and Saba",UN_M49_COUNTRY_OR_AREA,Americas / Latin America and the Caribbean,REGISTRY_ENUMERATED_RESEARCH_NOT_STARTED,P2,baseline legal-system/source mapping; AI/data/privacy/cyber/consumer/product/public-law interfaces,"UN M49 535 live country/area enumeration confirmed 2026-09-14. Enumeration does not decide sovereignty, recognition, treaty status, applicable law or domestic competence. UN M49 535 live enumeration confirmed 2026-09-14; M49 country/area label does not itself decide sovereignty or treaty status."
BR,Brazil,NATIONAL,SOUTH_AMERICA,RESEARCH_REQUIRED,P1,LGPD; consumer; civil liability; AI bills/current law,Pending proposals must be separated from enacted law. UN M49 076 live enumeration confirmed 2026-09-14; M49 country/area label does not itself decide sovereignty or treaty status.
BS,Bahamas,UN_M49_COUNTRY_OR_AREA,Americas / Latin America and the Caribbean,REGISTRY_ENUMERATED_RESEARCH_NOT_STARTED,P2,baseline legal-system/source mapping; AI/data/privacy/cyber/consumer/product/public-law interfaces,"UN M49 044 live country/area enumeration confirmed 2026-09-14. Enumeration does not decide sovereignty, recognition, treaty status, applicable law or domestic competence. UN M49 044 live enumeration confirmed 2026-09-14; M49 country/area label does not itself decide sovereignty or treaty status."
BT,Bhutan,UN_M49_COUNTRY_OR_AREA,Asia / Southern Asia,REGISTRY_ENUMERATED_RESEARCH_NOT_STARTED,P2,baseline legal-system/source mapping; AI/data/privacy/cyber/consumer/product/public-law interfaces,"UN M49 064 live country/area enumeration confirmed 2026-09-14. Enumeration does not decide sovereignty, recognition, treaty status, applicable law or domestic competence. UN M49 064 live enumeration confirmed 2026-09-14; M49 country/area label does not itself decide sovereignty or treaty status."
BV,Bouvet Island,UN_M49_COUNTRY_OR_AREA,Americas / Latin America and the Caribbean,REGISTRY_ENUMERATED_RESEARCH_NOT_STARTED,P2,baseline legal-system/source mapping; AI/data/privacy/cyber/consumer/product/public-law interfaces,"UN M49 074 live country/area enumeration confirmed 2026-09-14. Enumeration does not decide sovereignty, recognition, treaty status, applicable law or domestic competence. UN M49 074 live enumeration confirmed 2026-09-14; M49 country/area label does not itself decide sovereignty or treaty status."
BW,Botswana,UN_M49_COUNTRY_OR_AREA,Africa / Sub-Saharan Africa,REGISTRY_ENUMERATED_RESEARCH_NOT_STARTED,P2,baseline legal-system/source mapping; AI/data/privacy/cyber/consumer/product/public-law interfaces,"UN M49 072 live country/area enumeration confirmed 2026-09-14. Enumeration does not decide sovereignty, recognition, treaty status, applicable law or domestic competence. UN M49 072 live enumeration confirmed 2026-09-14; M49 country/area label does not itself decide sovereignty or treaty status."
BY,Belarus,UN_M49_COUNTRY_OR_AREA,Europe / Eastern Europe,REGISTRY_ENUMERATED_RESEARCH_NOT_STARTED,P2,baseline legal-system/source mapping; AI/data/privacy/cyber/consumer/product/public-law interfaces,"UN M49 112 live country/area enumeration confirmed 2026-09-14. Enumeration does not decide sovereignty, recognition, treaty status, applicable law or domestic competence. UN M49 112 live enumeration confirmed 2026-09-14; M49 country/area label does not itself decide sovereignty or treaty status."
BZ,Belize,UN_M49_COUNTRY_OR_AREA,Americas / Latin America and the Caribbean,REGISTRY_ENUMERATED_RESEARCH_NOT_STARTED,P2,baseline legal-system/source mapping; AI/data/privacy/cyber/consumer/product/public-law interfaces,"UN M49 084 live country/area enumeration confirmed 2026-09-14. Enumeration does not decide sovereignty, recognition, treaty status, applicable law or domestic competence. UN M49 084 live enumeration confirmed 2026-09-14; M49 country/area label does not itself decide sovereignty or treaty status."
CA,Canada,NATIONAL,NORTH_AMERICA,RESEARCH_REQUIRED,P1,federal/provincial privacy; automated decisions; consumer/product; AI proposals/current law,Do not treat failed or pending bills as enacted law. UN M49 124 live enumeration confirmed 2026-09-14; M49 country/area label does not itself decide sovereignty or treaty status.
CC,Cocos (Keeling) Islands,UN_M49_COUNTRY_OR_AREA,Oceania / Australia and New Zealand,REGISTRY_ENUMERATED_RESEARCH_NOT_STARTED,P2,baseline legal-system/source mapping; AI/data/privacy/cyber/consumer/product/public-law interfaces,"UN M49 166 live country/area enumeration confirmed 2026-09-14. Enumeration does not decide sovereignty, recognition, treaty status, applicable law or domestic competence. UN M49 166 live enumeration confirmed 2026-09-14; M49 country/area label does not itself decide sovereignty or treaty status."
CD,Democratic Republic of the Congo,UN_M49_COUNTRY_OR_AREA,Africa / Sub-Saharan Africa,REGISTRY_ENUMERATED_RESEARCH_NOT_STARTED,P2,baseline legal-system/source mapping; AI/data/privacy/cyber/consumer/product/public-law interfaces,"UN M49 180 live country/area enumeration confirmed 2026-09-14. Enumeration does not decide sovereignty, recognition, treaty status, applicable law or domestic competence. UN M49 180 live enumeration confirmed 2026-09-14; M49 country/area label does not itself decide sovereignty or treaty status."
CF,Central African Republic,UN_M49_COUNTRY_OR_AREA,Africa / Sub-Saharan Africa,REGISTRY_ENUMERATED_RESEARCH_NOT_STARTED,P2,baseline legal-system/source mapping; AI/data/privacy/cyber/consumer/product/public-law interfaces,"UN M49 140 live country/area enumeration confirmed 2026-09-14. Enumeration does not decide sovereignty, recognition, treaty status, applicable law or domestic competence. UN M49 140 live enumeration confirmed 2026-09-14; M49 country/area label does not itself decide sovereignty or treaty status."
CG,Congo,UN_M49_COUNTRY_OR_AREA,Africa / Sub-Saharan Africa,REGISTRY_ENUMERATED_RESEARCH_NOT_STARTED,P2,baseline legal-system/source mapping; AI/data/privacy/cyber/consumer/product/public-law interfaces,"UN M49 178 live country/area enumeration confirmed 2026-09-14. Enumeration does not decide sovereignty, recognition, treaty status, applicable law or domestic competence. UN M49 178 live enumeration confirmed 2026-09-14; M49 country/area label does not itself decide sovereignty or treaty status."
CH,Switzerland,NATIONAL,EUROPE,RESEARCH_REQUIRED,P2,data protection; product/civil liability; AI policy; Council of Europe obligations,Treaty status and national implementation required. UN M49 756 live enumeration confirmed 2026-09-14; M49 country/area label does not itself decide sovereignty or treaty status.
CI,Côte d’Ivoire,UN_M49_COUNTRY_OR_AREA,Africa / Sub-Saharan Africa,REGISTRY_ENUMERATED_RESEARCH_NOT_STARTED,P2,baseline legal-system/source mapping; AI/data/privacy/cyber/consumer/product/public-law interfaces,"UN M49 384 live country/area enumeration confirmed 2026-09-14. Enumeration does not decide sovereignty, recognition, treaty status, applicable law or domestic competence. UN M49 384 live enumeration confirmed 2026-09-14; M49 country/area label does not itself decide sovereignty or treaty status."
CK,Cook Islands,UN_M49_COUNTRY_OR_AREA,Oceania / Polynesia,REGISTRY_ENUMERATED_RESEARCH_NOT_STARTED,P2,baseline legal-system/source mapping; AI/data/privacy/cyber/consumer/product/public-law interfaces,"UN M49 184 live country/area enumeration confirmed 2026-09-14. Enumeration does not decide sovereignty, recognition, treaty status, applicable law or domestic competence. UN M49 184 live enumeration confirmed 2026-09-14; M49 country/area label does not itself decide sovereignty or treaty status."
CL,Chile,NATIONAL,SOUTH_AMERICA,RESEARCH_REQUIRED,P1,neuro-rights/constitutional issues; data; AI proposals/current law,Avoid overclaiming neurorights scope; primary texts required. UN M49 152 live enumeration confirmed 2026-09-14; M49 country/area label does not itself decide sovereignty or treaty status.
CM,Cameroon,UN_M49_COUNTRY_OR_AREA,Africa / Sub-Saharan Africa,REGISTRY_ENUMERATED_RESEARCH_NOT_STARTED,P2,baseline legal-system/source mapping; AI/data/privacy/cyber/consumer/product/public-law interfaces,"UN M49 120 live country/area enumeration confirmed 2026-09-14. Enumeration does not decide sovereignty, recognition, treaty status, applicable law or domestic competence. UN M49 120 live enumeration confirmed 2026-09-14; M49 country/area label does not itself decide sovereignty or treaty status."
CN,China,NATIONAL,ASIA,PRIMARY_SOURCE_MAP_L1_COMPLETE_TRANSLATION_AND_APPLICATION_OPEN,P0,algorithm recommendation; deep synthesis; generative AI; data/cyber; labeling,"R008 verified an eight-source central official baseline for algorithm recommendation, deep synthesis, generative AI, PIPL, Data Security Law, current revised Cybersecurity Law, Network Data Security Regulation and AI-generated-content labeling. Authentic Chinese primary sources control; translations, sector-specific application, enforcement and case law remain open. UN M49 156 live enumeration confirmed 2026-09-14; M49 country/area label does not itself decide sovereignty or treaty status."
CO,Colombia,UN_M49_COUNTRY_OR_AREA,Americas / Latin America and the Caribbean,REGISTRY_ENUMERATED_RESEARCH_NOT_STARTED,P2,baseline legal-system/source mapping; AI/data/privacy/cyber/consumer/product/public-law interfaces,"UN M49 170 live country/area enumeration confirmed 2026-09-14. Enumeration does not decide sovereignty, recognition, treaty status, applicable law or domestic competence. UN M49 170 live enumeration confirmed 2026-09-14; M49 country/area label does not itself decide sovereignty or treaty status."
CR,Costa Rica,UN_M49_COUNTRY_OR_AREA,Americas / Latin America and the Caribbean,REGISTRY_ENUMERATED_RESEARCH_NOT_STARTED,P2,baseline legal-system/source mapping; AI/data/privacy/cyber/consumer/product/public-law interfaces,"UN M49 188 live country/area enumeration confirmed 2026-09-14. Enumeration does not decide sovereignty, recognition, treaty status, applicable law or domestic competence. UN M49 188 live enumeration confirmed 2026-09-14; M49 country/area label does not itself decide sovereignty or treaty status."
CU,Cuba,UN_M49_COUNTRY_OR_AREA,Americas / Latin America and the Caribbean,REGISTRY_ENUMERATED_RESEARCH_NOT_STARTED,P2,baseline legal-system/source mapping; AI/data/privacy/cyber/consumer/product/public-law interfaces,"UN M49 192 live country/area enumeration confirmed 2026-09-14. Enumeration does not decide sovereignty, recognition, treaty status, applicable law or domestic competence. UN M49 192 live enumeration confirmed 2026-09-14; M49 country/area label does not itself decide sovereignty or treaty status."
CV,Cabo Verde,UN_M49_COUNTRY_OR_AREA,Africa / Sub-Saharan Africa,REGISTRY_ENUMERATED_RESEARCH_NOT_STARTED,P2,baseline legal-system/source mapping; AI/data/privacy/cyber/consumer/product/public-law interfaces,"UN M49 132 live country/area enumeration confirmed 2026-09-14. Enumeration does not decide sovereignty, recognition, treaty status, applicable law or domestic competence. UN M49 132 live enumeration confirmed 2026-09-14; M49 country/area label does not itself decide sovereignty or treaty status."
CW,Curaçao,UN_M49_COUNTRY_OR_AREA,Americas / Latin America and the Caribbean,REGISTRY_ENUMERATED_RESEARCH_NOT_STARTED,P2,baseline legal-system/source mapping; AI/data/privacy/cyber/consumer/product/public-law interfaces,"UN M49 531 live country/area enumeration confirmed 2026-09-14. Enumeration does not decide sovereignty, recognition, treaty status, applicable law or domestic competence. UN M49 531 live enumeration confirmed 2026-09-14; M49 country/area label does not itself decide sovereignty or treaty status."
CX,Christmas Island,UN_M49_COUNTRY_OR_AREA,Oceania / Australia and New Zealand,REGISTRY_ENUMERATED_RESEARCH_NOT_STARTED,P2,baseline legal-system/source mapping; AI/data/privacy/cyber/consumer/product/public-law interfaces,"UN M49 162 live country/area enumeration confirmed 2026-09-14. Enumeration does not decide sovereignty, recognition, treaty status, applicable law or domestic competence. UN M49 162 live enumeration confirmed 2026-09-14; M49 country/area label does not itself decide sovereignty or treaty status."
CY,Cyprus,UN_M49_COUNTRY_OR_AREA,Asia / Western Asia,REGISTRY_ENUMERATED_RESEARCH_NOT_STARTED,P2,baseline legal-system/source mapping; AI/data/privacy/cyber/consumer/product/public-law interfaces,"UN M49 196 live country/area enumeration confirmed 2026-09-14. Enumeration does not decide sovereignty, recognition, treaty status, applicable law or domestic competence. UN M49 196 live enumeration confirmed 2026-09-14; M49 country/area label does not itself decide sovereignty or treaty status."
CZ,Czechia,UN_M49_COUNTRY_OR_AREA,Europe / Eastern Europe,REGISTRY_ENUMERATED_RESEARCH_NOT_STARTED,P2,baseline legal-system/source mapping; AI/data/privacy/cyber/consumer/product/public-law interfaces,"UN M49 203 live country/area enumeration confirmed 2026-09-14. Enumeration does not decide sovereignty, recognition, treaty status, applicable law or domestic competence. UN M49 203 live enumeration confirmed 2026-09-14; M49 country/area label does not itself decide sovereignty or treaty status."
DE,Germany,UN_M49_COUNTRY_OR_AREA,Europe / Western Europe,REGISTRY_ENUMERATED_RESEARCH_NOT_STARTED,P2,baseline legal-system/source mapping; AI/data/privacy/cyber/consumer/product/public-law interfaces,"UN M49 276 live country/area enumeration confirmed 2026-09-14. Enumeration does not decide sovereignty, recognition, treaty status, applicable law or domestic competence. UN M49 276 live enumeration confirmed 2026-09-14; M49 country/area label does not itself decide sovereignty or treaty status."
DJ,Djibouti,UN_M49_COUNTRY_OR_AREA,Africa / Sub-Saharan Africa,REGISTRY_ENUMERATED_RESEARCH_NOT_STARTED,P2,baseline legal-system/source mapping; AI/data/privacy/cyber/consumer/product/public-law interfaces,"UN M49 262 live country/area enumeration confirmed 2026-09-14. Enumeration does not decide sovereignty, recognition, treaty status, applicable law or domestic competence. UN M49 262 live enumeration confirmed 2026-09-14; M49 country/area label does not itself decide sovereignty or treaty status."
DK,Denmark,UN_M49_COUNTRY_OR_AREA,Europe / Northern Europe,REGISTRY_ENUMERATED_RESEARCH_NOT_STARTED,P2,baseline legal-system/source mapping; AI/data/privacy/cyber/consumer/product/public-law interfaces,"UN M49 208 live country/area enumeration confirmed 2026-09-14. Enumeration does not decide sovereignty, recognition, treaty status, applicable law or domestic competence. UN M49 208 live enumeration confirmed 2026-09-14; M49 country/area label does not itself decide sovereignty or treaty status."
DM,Dominica,UN_M49_COUNTRY_OR_AREA,Americas / Latin America and the Caribbean,REGISTRY_ENUMERATED_RESEARCH_NOT_STARTED,P2,baseline legal-system/source mapping; AI/data/privacy/cyber/consumer/product/public-law interfaces,"UN M49 212 live country/area enumeration confirmed 2026-09-14. Enumeration does not decide sovereignty, recognition, treaty status, applicable law or domestic competence. UN M49 212 live enumeration confirmed 2026-09-14; M49 country/area label does not itself decide sovereignty or treaty status."
DO,Dominican Republic,UN_M49_COUNTRY_OR_AREA,Americas / Latin America and the Caribbean,REGISTRY_ENUMERATED_RESEARCH_NOT_STARTED,P2,baseline legal-system/source mapping; AI/data/privacy/cyber/consumer/product/public-law interfaces,"UN M49 214 live country/area enumeration confirmed 2026-09-14. Enumeration does not decide sovereignty, recognition, treaty status, applicable law or domestic competence. UN M49 214 live enumeration confirmed 2026-09-14; M49 country/area label does not itself decide sovereignty or treaty status."
DZ,Algeria,UN_M49_COUNTRY_OR_AREA,Africa / Northern Africa,REGISTRY_ENUMERATED_RESEARCH_NOT_STARTED,P2,baseline legal-system/source mapping; AI/data/privacy/cyber/consumer/product/public-law interfaces,"UN M49 012 live country/area enumeration confirmed 2026-09-14. Enumeration does not decide sovereignty, recognition, treaty status, applicable law or domestic competence. UN M49 012 live enumeration confirmed 2026-09-14; M49 country/area label does not itself decide sovereignty or treaty status."
EC,Ecuador,UN_M49_COUNTRY_OR_AREA,Americas / Latin America and the Caribbean,REGISTRY_ENUMERATED_RESEARCH_NOT_STARTED,P2,baseline legal-system/source mapping; AI/data/privacy/cyber/consumer/product/public-law interfaces,"UN M49 218 live country/area enumeration confirmed 2026-09-14. Enumeration does not decide sovereignty, recognition, treaty status, applicable law or domestic competence. UN M49 218 live enumeration confirmed 2026-09-14; M49 country/area label does not itself decide sovereignty or treaty status."
EE,Estonia,UN_M49_COUNTRY_OR_AREA,Europe / Northern Europe,REGISTRY_ENUMERATED_RESEARCH_NOT_STARTED,P2,baseline legal-system/source mapping; AI/data/privacy/cyber/consumer/product/public-law interfaces,"UN M49 233 live country/area enumeration confirmed 2026-09-14. Enumeration does not decide sovereignty, recognition, treaty status, applicable law or domestic competence. UN M49 233 live enumeration confirmed 2026-09-14; M49 country/area label does not itself decide sovereignty or treaty status."
EG,Egypt,UN_M49_COUNTRY_OR_AREA,Africa / Northern Africa,REGISTRY_ENUMERATED_RESEARCH_NOT_STARTED,P2,baseline legal-system/source mapping; AI/data/privacy/cyber/consumer/product/public-law interfaces,"UN M49 818 live country/area enumeration confirmed 2026-09-14. Enumeration does not decide sovereignty, recognition, treaty status, applicable law or domestic competence. UN M49 818 live enumeration confirmed 2026-09-14; M49 country/area label does not itself decide sovereignty or treaty status."
EH,Western Sahara,UN_M49_COUNTRY_OR_AREA,Africa / Northern Africa,REGISTRY_ENUMERATED_RESEARCH_NOT_STARTED,P2,baseline legal-system/source mapping; AI/data/privacy/cyber/consumer/product/public-law interfaces,"UN M49 732 live country/area enumeration confirmed 2026-09-14. Enumeration does not decide sovereignty, recognition, treaty status, applicable law or domestic competence. UN M49 732 live enumeration confirmed 2026-09-14; M49 country/area label does not itself decide sovereignty or treaty status."
ER,Eritrea,UN_M49_COUNTRY_OR_AREA,Africa / Sub-Saharan Africa,REGISTRY_ENUMERATED_RESEARCH_NOT_STARTED,P2,baseline legal-system/source mapping; AI/data/privacy/cyber/consumer/product/public-law interfaces,"UN M49 232 live country/area enumeration confirmed 2026-09-14. Enumeration does not decide sovereignty, recognition, treaty status, applicable law or domestic competence. UN M49 232 live enumeration confirmed 2026-09-14; M49 country/area label does not itself decide sovereignty or treaty status."
ES,Spain,UN_M49_COUNTRY_OR_AREA,Europe / Southern Europe,REGISTRY_ENUMERATED_RESEARCH_NOT_STARTED,P2,baseline legal-system/source mapping; AI/data/privacy/cyber/consumer/product/public-law interfaces,"UN M49 724 live country/area enumeration confirmed 2026-09-14. Enumeration does not decide sovereignty, recognition, treaty status, applicable law or domestic competence. UN M49 724 live enumeration confirmed 2026-09-14; M49 country/area label does not itself decide sovereignty or treaty status."
ET,Ethiopia,UN_M49_COUNTRY_OR_AREA,Africa / Sub-Saharan Africa,REGISTRY_ENUMERATED_RESEARCH_NOT_STARTED,P2,baseline legal-system/source mapping; AI/data/privacy/cyber/consumer/product/public-law interfaces,"UN M49 231 live country/area enumeration confirmed 2026-09-14. Enumeration does not decide sovereignty, recognition, treaty status, applicable law or domestic competence. UN M49 231 live enumeration confirmed 2026-09-14; M49 country/area label does not itself decide sovereignty or treaty status."
FI,Finland,UN_M49_COUNTRY_OR_AREA,Europe / Northern Europe,REGISTRY_ENUMERATED_RESEARCH_NOT_STARTED,P2,baseline legal-system/source mapping; AI/data/privacy/cyber/consumer/product/public-law interfaces,"UN M49 246 live country/area enumeration confirmed 2026-09-14. Enumeration does not decide sovereignty, recognition, treaty status, applicable law or domestic competence. UN M49 246 live enumeration confirmed 2026-09-14; M49 country/area label does not itself decide sovereignty or treaty status."
FJ,Fiji,UN_M49_COUNTRY_OR_AREA,Oceania / Melanesia,REGISTRY_ENUMERATED_RESEARCH_NOT_STARTED,P2,baseline legal-system/source mapping; AI/data/privacy/cyber/consumer/product/public-law interfaces,"UN M49 242 live country/area enumeration confirmed 2026-09-14. Enumeration does not decide sovereignty, recognition, treaty status, applicable law or domestic competence. UN M49 242 live enumeration confirmed 2026-09-14; M49 country/area label does not itself decide sovereignty or treaty status."
FK,Falkland Islands (Malvinas),UN_M49_COUNTRY_OR_AREA,Americas / Latin America and the Caribbean,REGISTRY_ENUMERATED_RESEARCH_NOT_STARTED,P2,baseline legal-system/source mapping; AI/data/privacy/cyber/consumer/product/public-law interfaces,"UN M49 238 live country/area enumeration confirmed 2026-09-14. Enumeration does not decide sovereignty, recognition, treaty status, applicable law or domestic competence. UN M49 238 live enumeration confirmed 2026-09-14; M49 country/area label does not itself decide sovereignty or treaty status."
FM,Micronesia (Federated States of),UN_M49_COUNTRY_OR_AREA,Oceania / Micronesia,REGISTRY_ENUMERATED_RESEARCH_NOT_STARTED,P2,baseline legal-system/source mapping; AI/data/privacy/cyber/consumer/product/public-law interfaces,"UN M49 583 live country/area enumeration confirmed 2026-09-14. Enumeration does not decide sovereignty, recognition, treaty status, applicable law or domestic competence. UN M49 583 live enumeration confirmed 2026-09-14; M49 country/area label does not itself decide sovereignty or treaty status."
FO,Faroe Islands,UN_M49_COUNTRY_OR_AREA,Europe / Northern Europe,REGISTRY_ENUMERATED_RESEARCH_NOT_STARTED,P2,baseline legal-system/source mapping; AI/data/privacy/cyber/consumer/product/public-law interfaces,"UN M49 234 live country/area enumeration confirmed 2026-09-14. Enumeration does not decide sovereignty, recognition, treaty status, applicable law or domestic competence. UN M49 234 live enumeration confirmed 2026-09-14; M49 country/area label does not itself decide sovereignty or treaty status."
FR,France,UN_M49_COUNTRY_OR_AREA,Europe / Western Europe,REGISTRY_ENUMERATED_RESEARCH_NOT_STARTED,P2,baseline legal-system/source mapping; AI/data/privacy/cyber/consumer/product/public-law interfaces,"UN M49 250 live country/area enumeration confirmed 2026-09-14. Enumeration does not decide sovereignty, recognition, treaty status, applicable law or domestic competence. UN M49 250 live enumeration confirmed 2026-09-14; M49 country/area label does not itself decide sovereignty or treaty status."
GA,Gabon,UN_M49_COUNTRY_OR_AREA,Africa / Sub-Saharan Africa,REGISTRY_ENUMERATED_RESEARCH_NOT_STARTED,P2,baseline legal-system/source mapping; AI/data/privacy/cyber/consumer/product/public-law interfaces,"UN M49 266 live country/area enumeration confirmed 2026-09-14. Enumeration does not decide sovereignty, recognition, treaty status, applicable law or domestic competence. UN M49 266 live enumeration confirmed 2026-09-14; M49 country/area label does not itself decide sovereignty or treaty status."
GB,United Kingdom,NATIONAL,EUROPE,SECTORAL_AI_DATA_ONLINE_SAFETY_PRODUCT_L1_L2_BASELINE_COMPLETE_SECTION_LEVEL_CURRENTNESS_OPEN,P0,sectoral AI governance; data/privacy; online safety; product/consumer; regulator powers,"R009 completed 2026-09-14: 13-source official URL baseline across UK GDPR/data, online safety, competition/consumer, product regulation and nonbinding AI policy/regulator layers. Section-level commencement/currentness, Ofcom guidance (runner HTTP 403), devolved/NI extent, sector rules, case law and liability remain open. EU AI Act is not treated as UK domestic law. UN M49 826 live enumeration confirmed 2026-09-14; M49 country/area label does not itself decide sovereignty or treaty status."
GD,Grenada,UN_M49_COUNTRY_OR_AREA,Americas / Latin America and the Caribbean,REGISTRY_ENUMERATED_RESEARCH_NOT_STARTED,P2,baseline legal-system/source mapping; AI/data/privacy/cyber/consumer/product/public-law interfaces,"UN M49 308 live country/area enumeration confirmed 2026-09-14. Enumeration does not decide sovereignty, recognition, treaty status, applicable law or domestic competence. UN M49 308 live enumeration confirmed 2026-09-14; M49 country/area label does not itself decide sovereignty or treaty status."
GE,Georgia,UN_M49_COUNTRY_OR_AREA,Asia / Western Asia,REGISTRY_ENUMERATED_RESEARCH_NOT_STARTED,P2,baseline legal-system/source mapping; AI/data/privacy/cyber/consumer/product/public-law interfaces,"UN M49 268 live country/area enumeration confirmed 2026-09-14. Enumeration does not decide sovereignty, recognition, treaty status, applicable law or domestic competence. UN M49 268 live enumeration confirmed 2026-09-14; M49 country/area label does not itself decide sovereignty or treaty status."
GF,French Guiana,UN_M49_COUNTRY_OR_AREA,Americas / Latin America and the Caribbean,REGISTRY_ENUMERATED_RESEARCH_NOT_STARTED,P2,baseline legal-system/source mapping; AI/data/privacy/cyber/consumer/product/public-law interfaces,"UN M49 254 live country/area enumeration confirmed 2026-09-14. Enumeration does not decide sovereignty, recognition, treaty status, applicable law or domestic competence. UN M49 254 live enumeration confirmed 2026-09-14; M49 country/area label does not itself decide sovereignty or treaty status."
GG,Guernsey,UN_M49_COUNTRY_OR_AREA,Europe / Northern Europe,REGISTRY_ENUMERATED_RESEARCH_NOT_STARTED,P2,baseline legal-system/source mapping; AI/data/privacy/cyber/consumer/product/public-law interfaces,"UN M49 831 live country/area enumeration confirmed 2026-09-14. Enumeration does not decide sovereignty, recognition, treaty status, applicable law or domestic competence. UN M49 831 live enumeration confirmed 2026-09-14; M49 country/area label does not itself decide sovereignty or treaty status."
GH,Ghana,UN_M49_COUNTRY_OR_AREA,Africa / Sub-Saharan Africa,REGISTRY_ENUMERATED_RESEARCH_NOT_STARTED,P2,baseline legal-system/source mapping; AI/data/privacy/cyber/consumer/product/public-law interfaces,"UN M49 288 live country/area enumeration confirmed 2026-09-14. Enumeration does not decide sovereignty, recognition, treaty status, applicable law or domestic competence. UN M49 288 live enumeration confirmed 2026-09-14; M49 country/area label does not itself decide sovereignty or treaty status."
GI,Gibraltar,UN_M49_COUNTRY_OR_AREA,Europe / Southern Europe,REGISTRY_ENUMERATED_RESEARCH_NOT_STARTED,P2,baseline legal-system/source mapping; AI/data/privacy/cyber/consumer/product/public-law interfaces,"UN M49 292 live country/area enumeration confirmed 2026-09-14. Enumeration does not decide sovereignty, recognition, treaty status, applicable law or domestic competence. UN M49 292 live enumeration confirmed 2026-09-14; M49 country/area label does not itself decide sovereignty or treaty status."
GL,Greenland,UN_M49_COUNTRY_OR_AREA,Americas / Northern America,REGISTRY_ENUMERATED_RESEARCH_NOT_STARTED,P2,baseline legal-system/source mapping; AI/data/privacy/cyber/consumer/product/public-law interfaces,"UN M49 304 live country/area enumeration confirmed 2026-09-14. Enumeration does not decide sovereignty, recognition, treaty status, applicable law or domestic competence. UN M49 304 live enumeration confirmed 2026-09-14; M49 country/area label does not itself decide sovereignty or treaty status."
GM,Gambia,UN_M49_COUNTRY_OR_AREA,Africa / Sub-Saharan Africa,REGISTRY_ENUMERATED_RESEARCH_NOT_STARTED,P2,baseline legal-system/source mapping; AI/data/privacy/cyber/consumer/product/public-law interfaces,"UN M49 270 live country/area enumeration confirmed 2026-09-14. Enumeration does not decide sovereignty, recognition, treaty status, applicable law or domestic competence. UN M49 270 live enumeration confirmed 2026-09-14; M49 country/area label does not itself decide sovereignty or treaty status."
GN,Guinea,UN_M49_COUNTRY_OR_AREA,Africa / Sub-Saharan Africa,REGISTRY_ENUMERATED_RESEARCH_NOT_STARTED,P2,baseline legal-system/source mapping; AI/data/privacy/cyber/consumer/product/public-law interfaces,"UN M49 324 live country/area enumeration confirmed 2026-09-14. Enumeration does not decide sovereignty, recognition, treaty status, applicable law or domestic competence. UN M49 324 live enumeration confirmed 2026-09-14; M49 country/area label does not itself decide sovereignty or treaty status."
GP,Guadeloupe,UN_M49_COUNTRY_OR_AREA,Americas / Latin America and the Caribbean,REGISTRY_ENUMERATED_RESEARCH_NOT_STARTED,P2,baseline legal-system/source mapping; AI/data/privacy/cyber/consumer/product/public-law interfaces,"UN M49 312 live country/area enumeration confirmed 2026-09-14. Enumeration does not decide sovereignty, recognition, treaty status, applicable law or domestic competence. UN M49 312 live enumeration confirmed 2026-09-14; M49 country/area label does not itself decide sovereignty or treaty status."
GQ,Equatorial Guinea,UN_M49_COUNTRY_OR_AREA,Africa / Sub-Saharan Africa,REGISTRY_ENUMERATED_RESEARCH_NOT_STARTED,P2,baseline legal-system/source mapping; AI/data/privacy/cyber/consumer/product/public-law interfaces,"UN M49 226 live country/area enumeration confirmed 2026-09-14. Enumeration does not decide sovereignty, recognition, treaty status, applicable law or domestic competence. UN M49 226 live enumeration confirmed 2026-09-14; M49 country/area label does not itself decide sovereignty or treaty status."
GR,Greece,UN_M49_COUNTRY_OR_AREA,Europe / Southern Europe,REGISTRY_ENUMERATED_RESEARCH_NOT_STARTED,P2,baseline legal-system/source mapping; AI/data/privacy/cyber/consumer/product/public-law interfaces,"UN M49 300 live country/area enumeration confirmed 2026-09-14. Enumeration does not decide sovereignty, recognition, treaty status, applicable law or domestic competence. UN M49 300 live enumeration confirmed 2026-09-14; M49 country/area label does not itself decide sovereignty or treaty status."
GS,South Georgia and the South Sandwich Islands,UN_M49_COUNTRY_OR_AREA,Americas / Latin America and the Caribbean,REGISTRY_ENUMERATED_RESEARCH_NOT_STARTED,P2,baseline legal-system/source mapping; AI/data/privacy/cyber/consumer/product/public-law interfaces,"UN M49 239 live country/area enumeration confirmed 2026-09-14. Enumeration does not decide sovereignty, recognition, treaty status, applicable law or domestic competence. UN M49 239 live enumeration confirmed 2026-09-14; M49 country/area label does not itself decide sovereignty or treaty status."
GT,Guatemala,UN_M49_COUNTRY_OR_AREA,Americas / Latin America and the Caribbean,REGISTRY_ENUMERATED_RESEARCH_NOT_STARTED,P2,baseline legal-system/source mapping; AI/data/privacy/cyber/consumer/product/public-law interfaces,"UN M49 320 live country/area enumeration confirmed 2026-09-14. Enumeration does not decide sovereignty, recognition, treaty status, applicable law or domestic competence. UN M49 320 live enumeration confirmed 2026-09-14; M49 country/area label does not itself decide sovereignty or treaty status."
GU,Guam,UN_M49_COUNTRY_OR_AREA,Oceania / Micronesia,REGISTRY_ENUMERATED_RESEARCH_NOT_STARTED,P2,baseline legal-system/source mapping; AI/data/privacy/cyber/consumer/product/public-law interfaces,"UN M49 316 live country/area enumeration confirmed 2026-09-14. Enumeration does not decide sovereignty, recognition, treaty status, applicable law or domestic competence. UN M49 316 live enumeration confirmed 2026-09-14; M49 country/area label does not itself decide sovereignty or treaty status."
GW,Guinea-Bissau,UN_M49_COUNTRY_OR_AREA,Africa / Sub-Saharan Africa,REGISTRY_ENUMERATED_RESEARCH_NOT_STARTED,P2,baseline legal-system/source mapping; AI/data/privacy/cyber/consumer/product/public-law interfaces,"UN M49 624 live country/area enumeration confirmed 2026-09-14. Enumeration does not decide sovereignty, recognition, treaty status, applicable law or domestic competence. UN M49 624 live enumeration confirmed 2026-09-14; M49 country/area label does not itself decide sovereignty or treaty status."
GY,Guyana,UN_M49_COUNTRY_OR_AREA,Americas / Latin America and the Caribbean,REGISTRY_ENUMERATED_RESEARCH_NOT_STARTED,P2,baseline legal-system/source mapping; AI/data/privacy/cyber/consumer/product/public-law interfaces,"UN M49 328 live country/area enumeration confirmed 2026-09-14. Enumeration does not decide sovereignty, recognition, treaty status, applicable law or domestic competence. UN M49 328 live enumeration confirmed 2026-09-14; M49 country/area label does not itself decide sovereignty or treaty status."
HK,"China, Hong Kong Special Administrative Region",UN_M49_COUNTRY_OR_AREA,Asia / Eastern Asia,REGISTRY_ENUMERATED_RESEARCH_NOT_STARTED,P2,baseline legal-system/source mapping; AI/data/privacy/cyber/consumer/product/public-law interfaces,"UN M49 344 live country/area enumeration confirmed 2026-09-14. Enumeration does not decide sovereignty, recognition, treaty status, applicable law or domestic competence. UN M49 344 live enumeration confirmed 2026-09-14; M49 country/area label does not itself decide sovereignty or treaty status."
HM,Heard Island and McDonald Islands,UN_M49_COUNTRY_OR_AREA,Oceania / Australia and New Zealand,REGISTRY_ENUMERATED_RESEARCH_NOT_STARTED,P2,baseline legal-system/source mapping; AI/data/privacy/cyber/consumer/product/public-law interfaces,"UN M49 334 live country/area enumeration confirmed 2026-09-14. Enumeration does not decide sovereignty, recognition, treaty status, applicable law or domestic competence. UN M49 334 live enumeration confirmed 2026-09-14; M49 country/area label does not itself decide sovereignty or treaty status."
HN,Honduras,UN_M49_COUNTRY_OR_AREA,Americas / Latin America and the Caribbean,REGISTRY_ENUMERATED_RESEARCH_NOT_STARTED,P2,baseline legal-system/source mapping; AI/data/privacy/cyber/consumer/product/public-law interfaces,"UN M49 340 live country/area enumeration confirmed 2026-09-14. Enumeration does not decide sovereignty, recognition, treaty status, applicable law or domestic competence. UN M49 340 live enumeration confirmed 2026-09-14; M49 country/area label does not itself decide sovereignty or treaty status."
HR,Croatia,UN_M49_COUNTRY_OR_AREA,Europe / Southern Europe,REGISTRY_ENUMERATED_RESEARCH_NOT_STARTED,P2,baseline legal-system/source mapping; AI/data/privacy/cyber/consumer/product/public-law interfaces,"UN M49 191 live country/area enumeration confirmed 2026-09-14. Enumeration does not decide sovereignty, recognition, treaty status, applicable law or domestic competence. UN M49 191 live enumeration confirmed 2026-09-14; M49 country/area label does not itself decide sovereignty or treaty status."
HT,Haiti,UN_M49_COUNTRY_OR_AREA,Americas / Latin America and the Caribbean,REGISTRY_ENUMERATED_RESEARCH_NOT_STARTED,P2,baseline legal-system/source mapping; AI/data/privacy/cyber/consumer/product/public-law interfaces,"UN M49 332 live country/area enumeration confirmed 2026-09-14. Enumeration does not decide sovereignty, recognition, treaty status, applicable law or domestic competence. UN M49 332 live enumeration confirmed 2026-09-14; M49 country/area label does not itself decide sovereignty or treaty status."
HU,Hungary,UN_M49_COUNTRY_OR_AREA,Europe / Eastern Europe,REGISTRY_ENUMERATED_RESEARCH_NOT_STARTED,P2,baseline legal-system/source mapping; AI/data/privacy/cyber/consumer/product/public-law interfaces,"UN M49 348 live country/area enumeration confirmed 2026-09-14. Enumeration does not decide sovereignty, recognition, treaty status, applicable law or domestic competence. UN M49 348 live enumeration confirmed 2026-09-14; M49 country/area label does not itself decide sovereignty or treaty status."
ID,Indonesia,UN_M49_COUNTRY_OR_AREA,Asia / South-eastern Asia,REGISTRY_ENUMERATED_RESEARCH_NOT_STARTED,P2,baseline legal-system/source mapping; AI/data/privacy/cyber/consumer/product/public-law interfaces,"UN M49 360 live country/area enumeration confirmed 2026-09-14. Enumeration does not decide sovereignty, recognition, treaty status, applicable law or domestic competence. UN M49 360 live enumeration confirmed 2026-09-14; M49 country/area label does not itself decide sovereignty or treaty status."
IE,Ireland,UN_M49_COUNTRY_OR_AREA,Europe / Northern Europe,REGISTRY_ENUMERATED_RESEARCH_NOT_STARTED,P2,baseline legal-system/source mapping; AI/data/privacy/cyber/consumer/product/public-law interfaces,"UN M49 372 live country/area enumeration confirmed 2026-09-14. Enumeration does not decide sovereignty, recognition, treaty status, applicable law or domestic competence. UN M49 372 live enumeration confirmed 2026-09-14; M49 country/area label does not itself decide sovereignty or treaty status."
IL,Israel,NATIONAL,MIDDLE_EAST,RESEARCH_REQUIRED,P2,privacy; cyber; product/tort; AI policy,Current policy and legislation status required. UN M49 376 live enumeration confirmed 2026-09-14; M49 country/area label does not itself decide sovereignty or treaty status.
IM,Isle of Man,UN_M49_COUNTRY_OR_AREA,Europe / Northern Europe,REGISTRY_ENUMERATED_RESEARCH_NOT_STARTED,P2,baseline legal-system/source mapping; AI/data/privacy/cyber/consumer/product/public-law interfaces,"UN M49 833 live country/area enumeration confirmed 2026-09-14. Enumeration does not decide sovereignty, recognition, treaty status, applicable law or domestic competence. UN M49 833 live enumeration confirmed 2026-09-14; M49 country/area label does not itself decide sovereignty or treaty status."
IN,India,NATIONAL,ASIA,RESEARCH_REQUIRED,P1,digital personal data; IT/intermediary; consumer; sector AI policy,Central/state and sectoral sources required. UN M49 356 live enumeration confirmed 2026-09-14; M49 country/area label does not itself decide sovereignty or treaty status.
IO,British Indian Ocean Territory,UN_M49_COUNTRY_OR_AREA,Africa / Sub-Saharan Africa,REGISTRY_ENUMERATED_RESEARCH_NOT_STARTED,P2,baseline legal-system/source mapping; AI/data/privacy/cyber/consumer/product/public-law interfaces,"UN M49 086 live country/area enumeration confirmed 2026-09-14. Enumeration does not decide sovereignty, recognition, treaty status, applicable law or domestic competence. UN M49 086 live enumeration confirmed 2026-09-14; M49 country/area label does not itself decide sovereignty or treaty status."
IQ,Iraq,UN_M49_COUNTRY_OR_AREA,Asia / Western Asia,REGISTRY_ENUMERATED_RESEARCH_NOT_STARTED,P2,baseline legal-system/source mapping; AI/data/privacy/cyber/consumer/product/public-law interfaces,"UN M49 368 live country/area enumeration confirmed 2026-09-14. Enumeration does not decide sovereignty, recognition, treaty status, applicable law or domestic competence. UN M49 368 live enumeration confirmed 2026-09-14; M49 country/area label does not itself decide sovereignty or treaty status."
IR,Iran (Islamic Republic of),UN_M49_COUNTRY_OR_AREA,Asia / Southern Asia,REGISTRY_ENUMERATED_RESEARCH_NOT_STARTED,P2,baseline legal-system/source mapping; AI/data/privacy/cyber/consumer/product/public-law interfaces,"UN M49 364 live country/area enumeration confirmed 2026-09-14. Enumeration does not decide sovereignty, recognition, treaty status, applicable law or domestic competence. UN M49 364 live enumeration confirmed 2026-09-14; M49 country/area label does not itself decide sovereignty or treaty status."
IS,Iceland,UN_M49_COUNTRY_OR_AREA,Europe / Northern Europe,REGISTRY_ENUMERATED_RESEARCH_NOT_STARTED,P2,baseline legal-system/source mapping; AI/data/privacy/cyber/consumer/product/public-law interfaces,"UN M49 352 live country/area enumeration confirmed 2026-09-14. Enumeration does not decide sovereignty, recognition, treaty status, applicable law or domestic competence. UN M49 352 live enumeration confirmed 2026-09-14; M49 country/area label does not itself decide sovereignty or treaty status."
IT,Italy,UN_M49_COUNTRY_OR_AREA,Europe / Southern Europe,REGISTRY_ENUMERATED_RESEARCH_NOT_STARTED,P2,baseline legal-system/source mapping; AI/data/privacy/cyber/consumer/product/public-law interfaces,"UN M49 380 live country/area enumeration confirmed 2026-09-14. Enumeration does not decide sovereignty, recognition, treaty status, applicable law or domestic competence. UN M49 380 live enumeration confirmed 2026-09-14; M49 country/area label does not itself decide sovereignty or treaty status."
JE,Jersey,UN_M49_COUNTRY_OR_AREA,Europe / Northern Europe,REGISTRY_ENUMERATED_RESEARCH_NOT_STARTED,P2,baseline legal-system/source mapping; AI/data/privacy/cyber/consumer/product/public-law interfaces,"UN M49 832 live country/area enumeration confirmed 2026-09-14. Enumeration does not decide sovereignty, recognition, treaty status, applicable law or domestic competence. UN M49 832 live enumeration confirmed 2026-09-14; M49 country/area label does not itself decide sovereignty or treaty status."
JM,Jamaica,UN_M49_COUNTRY_OR_AREA,Americas / Latin America and the Caribbean,REGISTRY_ENUMERATED_RESEARCH_NOT_STARTED,P2,baseline legal-system/source mapping; AI/data/privacy/cyber/consumer/product/public-law interfaces,"UN M49 388 live country/area enumeration confirmed 2026-09-14. Enumeration does not decide sovereignty, recognition, treaty status, applicable law or domestic competence. UN M49 388 live enumeration confirmed 2026-09-14; M49 country/area label does not itself decide sovereignty or treaty status."
JO,Jordan,UN_M49_COUNTRY_OR_AREA,Asia / Western Asia,REGISTRY_ENUMERATED_RESEARCH_NOT_STARTED,P2,baseline legal-system/source mapping; AI/data/privacy/cyber/consumer/product/public-law interfaces,"UN M49 400 live country/area enumeration confirmed 2026-09-14. Enumeration does not decide sovereignty, recognition, treaty status, applicable law or domestic competence. UN M49 400 live enumeration confirmed 2026-09-14; M49 country/area label does not itself decide sovereignty or treaty status."
JP,Japan,NATIONAL,ASIA,AI_ACT_APPI_POLICY_GUIDANCE_L1_L2_CURRENT_BASELINE_COMPLETE,P1,AI promotion/governance legislation; privacy; consumer/product; sector guidance,"R010 verified current e-Gov AI Act/APPI law states and separated them from the Cabinet Office Phase II AI Basic Plan and official guidance layers. Authentic Japanese controls. Sector application, case law and liability remain open. UN M49 392 live enumeration confirmed 2026-09-14; M49 country/area label does not itself decide sovereignty or treaty status."
KE,Kenya,UN_M49_COUNTRY_OR_AREA,Africa / Sub-Saharan Africa,REGISTRY_ENUMERATED_RESEARCH_NOT_STARTED,P2,baseline legal-system/source mapping; AI/data/privacy/cyber/consumer/product/public-law interfaces,"UN M49 404 live country/area enumeration confirmed 2026-09-14. Enumeration does not decide sovereignty, recognition, treaty status, applicable law or domestic competence. UN M49 404 live enumeration confirmed 2026-09-14; M49 country/area label does not itself decide sovereignty or treaty status."
KG,Kyrgyzstan,UN_M49_COUNTRY_OR_AREA,Asia / Central Asia,REGISTRY_ENUMERATED_RESEARCH_NOT_STARTED,P2,baseline legal-system/source mapping; AI/data/privacy/cyber/consumer/product/public-law interfaces,"UN M49 417 live country/area enumeration confirmed 2026-09-14. Enumeration does not decide sovereignty, recognition, treaty status, applicable law or domestic competence. UN M49 417 live enumeration confirmed 2026-09-14; M49 country/area label does not itself decide sovereignty or treaty status."
KH,Cambodia,UN_M49_COUNTRY_OR_AREA,Asia / South-eastern Asia,REGISTRY_ENUMERATED_RESEARCH_NOT_STARTED,P2,baseline legal-system/source mapping; AI/data/privacy/cyber/consumer/product/public-law interfaces,"UN M49 116 live country/area enumeration confirmed 2026-09-14. Enumeration does not decide sovereignty, recognition, treaty status, applicable law or domestic competence. UN M49 116 live enumeration confirmed 2026-09-14; M49 country/area label does not itself decide sovereignty or treaty status."
KI,Kiribati,UN_M49_COUNTRY_OR_AREA,Oceania / Micronesia,REGISTRY_ENUMERATED_RESEARCH_NOT_STARTED,P2,baseline legal-system/source mapping; AI/data/privacy/cyber/consumer/product/public-law interfaces,"UN M49 296 live country/area enumeration confirmed 2026-09-14. Enumeration does not decide sovereignty, recognition, treaty status, applicable law or domestic competence. UN M49 296 live enumeration confirmed 2026-09-14; M49 country/area label does not itself decide sovereignty or treaty status."
KM,Comoros,UN_M49_COUNTRY_OR_AREA,Africa / Sub-Saharan Africa,REGISTRY_ENUMERATED_RESEARCH_NOT_STARTED,P2,baseline legal-system/source mapping; AI/data/privacy/cyber/consumer/product/public-law interfaces,"UN M49 174 live country/area enumeration confirmed 2026-09-14. Enumeration does not decide sovereignty, recognition, treaty status, applicable law or domestic competence. UN M49 174 live enumeration confirmed 2026-09-14; M49 country/area label does not itself decide sovereignty or treaty status."
KN,Saint Kitts and Nevis,UN_M49_COUNTRY_OR_AREA,Americas / Latin America and the Caribbean,REGISTRY_ENUMERATED_RESEARCH_NOT_STARTED,P2,baseline legal-system/source mapping; AI/data/privacy/cyber/consumer/product/public-law interfaces,"UN M49 659 live country/area enumeration confirmed 2026-09-14. Enumeration does not decide sovereignty, recognition, treaty status, applicable law or domestic competence. UN M49 659 live enumeration confirmed 2026-09-14; M49 country/area label does not itself decide sovereignty or treaty status."
KP,Democratic People's Republic of Korea,UN_M49_COUNTRY_OR_AREA,Asia / Eastern Asia,REGISTRY_ENUMERATED_RESEARCH_NOT_STARTED,P2,baseline legal-system/source mapping; AI/data/privacy/cyber/consumer/product/public-law interfaces,"UN M49 408 live country/area enumeration confirmed 2026-09-14. Enumeration does not decide sovereignty, recognition, treaty status, applicable law or domestic competence. UN M49 408 live enumeration confirmed 2026-09-14; M49 country/area label does not itself decide sovereignty or treaty status."
KR,Republic of Korea,NATIONAL,ASIA,AI_BASIC_ACT_DECREE_PIPA_L1_L2_CURRENT_BASELINE_COMPLETE_POLICY_PLAN_SOURCE_OPEN,P1,AI basic legislation; privacy; platform/consumer; high-impact AI,"R010 verified current official law.go.kr identities for the AI Basic Act, its Enforcement Decree and PIPA. Current revision/date selectors are pinned; authentic Korean controls. A separate current national AI policy-plan source was not pinned in R010. Amendment chains, sector application, case law and liability remain open. UN M49 410 live enumeration confirmed 2026-09-14; M49 country/area label does not itself decide sovereignty or treaty status."
KW,Kuwait,UN_M49_COUNTRY_OR_AREA,Asia / Western Asia,REGISTRY_ENUMERATED_RESEARCH_NOT_STARTED,P2,baseline legal-system/source mapping; AI/data/privacy/cyber/consumer/product/public-law interfaces,"UN M49 414 live country/area enumeration confirmed 2026-09-14. Enumeration does not decide sovereignty, recognition, treaty status, applicable law or domestic competence. UN M49 414 live enumeration confirmed 2026-09-14; M49 country/area label does not itself decide sovereignty or treaty status."
KY,Cayman Islands,UN_M49_COUNTRY_OR_AREA,Americas / Latin America and the Caribbean,REGISTRY_ENUMERATED_RESEARCH_NOT_STARTED,P2,baseline legal-system/source mapping; AI/data/privacy/cyber/consumer/product/public-law interfaces,"UN M49 136 live country/area enumeration confirmed 2026-09-14. Enumeration does not decide sovereignty, recognition, treaty status, applicable law or domestic competence. UN M49 136 live enumeration confirmed 2026-09-14; M49 country/area label does not itself decide sovereignty or treaty status."
KZ,Kazakhstan,UN_M49_COUNTRY_OR_AREA,Asia / Central Asia,REGISTRY_ENUMERATED_RESEARCH_NOT_STARTED,P2,baseline legal-system/source mapping; AI/data/privacy/cyber/consumer/product/public-law interfaces,"UN M49 398 live country/area enumeration confirmed 2026-09-14. Enumeration does not decide sovereignty, recognition, treaty status, applicable law or domestic competence. UN M49 398 live enumeration confirmed 2026-09-14; M49 country/area label does not itself decide sovereignty or treaty status."
LA,Lao People's Democratic Republic,UN_M49_COUNTRY_OR_AREA,Asia / South-eastern Asia,REGISTRY_ENUMERATED_RESEARCH_NOT_STARTED,P2,baseline legal-system/source mapping; AI/data/privacy/cyber/consumer/product/public-law interfaces,"UN M49 418 live country/area enumeration confirmed 2026-09-14. Enumeration does not decide sovereignty, recognition, treaty status, applicable law or domestic competence. UN M49 418 live enumeration confirmed 2026-09-14; M49 country/area label does not itself decide sovereignty or treaty status."
LB,Lebanon,UN_M49_COUNTRY_OR_AREA,Asia / Western Asia,REGISTRY_ENUMERATED_RESEARCH_NOT_STARTED,P2,baseline legal-system/source mapping; AI/data/privacy/cyber/consumer/product/public-law interfaces,"UN M49 422 live country/area enumeration confirmed 2026-09-14. Enumeration does not decide sovereignty, recognition, treaty status, applicable law or domestic competence. UN M49 422 live enumeration confirmed 2026-09-14; M49 country/area label does not itself decide sovereignty or treaty status."
LC,Saint Lucia,UN_M49_COUNTRY_OR_AREA,Americas / Latin America and the Caribbean,REGISTRY_ENUMERATED_RESEARCH_NOT_STARTED,P2,baseline legal-system/source mapping; AI/data/privacy/cyber/consumer/product/public-law interfaces,"UN M49 662 live country/area enumeration confirmed 2026-09-14. Enumeration does not decide sovereignty, recognition, treaty status, applicable law or domestic competence. UN M49 662 live enumeration confirmed 2026-09-14; M49 country/area label does not itself decide sovereignty or treaty status."
LI,Liechtenstein,UN_M49_COUNTRY_OR_AREA,Europe / Western Europe,REGISTRY_ENUMERATED_RESEARCH_NOT_STARTED,P2,baseline legal-system/source mapping; AI/data/privacy/cyber/consumer/product/public-law interfaces,"UN M49 438 live country/area enumeration confirmed 2026-09-14. Enumeration does not decide sovereignty, recognition, treaty status, applicable law or domestic competence. UN M49 438 live enumeration confirmed 2026-09-14; M49 country/area label does not itself decide sovereignty or treaty status."
LK,Sri Lanka,UN_M49_COUNTRY_OR_AREA,Asia / Southern Asia,REGISTRY_ENUMERATED_RESEARCH_NOT_STARTED,P2,baseline legal-system/source mapping; AI/data/privacy/cyber/consumer/product/public-law interfaces,"UN M49 144 live country/area enumeration confirmed 2026-09-14. Enumeration does not decide sovereignty, recognition, treaty status, applicable law or domestic competence. UN M49 144 live enumeration confirmed 2026-09-14; M49 country/area label does not itself decide sovereignty or treaty status."
LR,Liberia,UN_M49_COUNTRY_OR_AREA,Africa / Sub-Saharan Africa,REGISTRY_ENUMERATED_RESEARCH_NOT_STARTED,P2,baseline legal-system/source mapping; AI/data/privacy/cyber/consumer/product/public-law interfaces,"UN M49 430 live country/area enumeration confirmed 2026-09-14. Enumeration does not decide sovereignty, recognition, treaty status, applicable law or domestic competence. UN M49 430 live enumeration confirmed 2026-09-14; M49 country/area label does not itself decide sovereignty or treaty status."
LS,Lesotho,UN_M49_COUNTRY_OR_AREA,Africa / Sub-Saharan Africa,REGISTRY_ENUMERATED_RESEARCH_NOT_STARTED,P2,baseline legal-system/source mapping; AI/data/privacy/cyber/consumer/product/public-law interfaces,"UN M49 426 live country/area enumeration confirmed 2026-09-14. Enumeration does not decide sovereignty, recognition, treaty status, applicable law or domestic competence. UN M49 426 live enumeration confirmed 2026-09-14; M49 country/area label does not itself decide sovereignty or treaty status."
LT,Lithuania,UN_M49_COUNTRY_OR_AREA,Europe / Northern Europe,REGISTRY_ENUMERATED_RESEARCH_NOT_STARTED,P2,baseline legal-system/source mapping; AI/data/privacy/cyber/consumer/product/public-law interfaces,"UN M49 440 live country/area enumeration confirmed 2026-09-14. Enumeration does not decide sovereignty, recognition, treaty status, applicable law or domestic competence. UN M49 440 live enumeration confirmed 2026-09-14; M49 country/area label does not itself decide sovereignty or treaty status."
LU,Luxembourg,UN_M49_COUNTRY_OR_AREA,Europe / Western Europe,REGISTRY_ENUMERATED_RESEARCH_NOT_STARTED,P2,baseline legal-system/source mapping; AI/data/privacy/cyber/consumer/product/public-law interfaces,"UN M49 442 live country/area enumeration confirmed 2026-09-14. Enumeration does not decide sovereignty, recognition, treaty status, applicable law or domestic competence. UN M49 442 live enumeration confirmed 2026-09-14; M49 country/area label does not itself decide sovereignty or treaty status."
LV,Latvia,UN_M49_COUNTRY_OR_AREA,Europe / Northern Europe,REGISTRY_ENUMERATED_RESEARCH_NOT_STARTED,P2,baseline legal-system/source mapping; AI/data/privacy/cyber/consumer/product/public-law interfaces,"UN M49 428 live country/area enumeration confirmed 2026-09-14. Enumeration does not decide sovereignty, recognition, treaty status, applicable law or domestic competence. UN M49 428 live enumeration confirmed 2026-09-14; M49 country/area label does not itself decide sovereignty or treaty status."
LY,Libya,UN_M49_COUNTRY_OR_AREA,Africa / Northern Africa,REGISTRY_ENUMERATED_RESEARCH_NOT_STARTED,P2,baseline legal-system/source mapping; AI/data/privacy/cyber/consumer/product/public-law interfaces,"UN M49 434 live country/area enumeration confirmed 2026-09-14. Enumeration does not decide sovereignty, recognition, treaty status, applicable law or domestic competence. UN M49 434 live enumeration confirmed 2026-09-14; M49 country/area label does not itself decide sovereignty or treaty status."
MA,Morocco,UN_M49_COUNTRY_OR_AREA,Africa / Northern Africa,REGISTRY_ENUMERATED_RESEARCH_NOT_STARTED,P2,baseline legal-system/source mapping; AI/data/privacy/cyber/consumer/product/public-law interfaces,"UN M49 504 live country/area enumeration confirmed 2026-09-14. Enumeration does not decide sovereignty, recognition, treaty status, applicable law or domestic competence. UN M49 504 live enumeration confirmed 2026-09-14; M49 country/area label does not itself decide sovereignty or treaty status."
MC,Monaco,UN_M49_COUNTRY_OR_AREA,Europe / Western Europe,REGISTRY_ENUMERATED_RESEARCH_NOT_STARTED,P2,baseline legal-system/source mapping; AI/data/privacy/cyber/consumer/product/public-law interfaces,"UN M49 492 live country/area enumeration confirmed 2026-09-14. Enumeration does not decide sovereignty, recognition, treaty status, applicable law or domestic competence. UN M49 492 live enumeration confirmed 2026-09-14; M49 country/area label does not itself decide sovereignty or treaty status."
MD,Republic of Moldova,UN_M49_COUNTRY_OR_AREA,Europe / Eastern Europe,REGISTRY_ENUMERATED_RESEARCH_NOT_STARTED,P2,baseline legal-system/source mapping; AI/data/privacy/cyber/consumer/product/public-law interfaces,"UN M49 498 live country/area enumeration confirmed 2026-09-14. Enumeration does not decide sovereignty, recognition, treaty status, applicable law or domestic competence. UN M49 498 live enumeration confirmed 2026-09-14; M49 country/area label does not itself decide sovereignty or treaty status."
ME,Montenegro,UN_M49_COUNTRY_OR_AREA,Europe / Southern Europe,REGISTRY_ENUMERATED_RESEARCH_NOT_STARTED,P2,baseline legal-system/source mapping; AI/data/privacy/cyber/consumer/product/public-law interfaces,"UN M49 499 live country/area enumeration confirmed 2026-09-14. Enumeration does not decide sovereignty, recognition, treaty status, applicable law or domestic competence. UN M49 499 live enumeration confirmed 2026-09-14; M49 country/area label does not itself decide sovereignty or treaty status."
MF,Saint Martin (French Part),UN_M49_COUNTRY_OR_AREA,Americas / Latin America and the Caribbean,REGISTRY_ENUMERATED_RESEARCH_NOT_STARTED,P2,baseline legal-system/source mapping; AI/data/privacy/cyber/consumer/product/public-law interfaces,"UN M49 663 live country/area enumeration confirmed 2026-09-14. Enumeration does not decide sovereignty, recognition, treaty status, applicable law or domestic competence. UN M49 663 live enumeration confirmed 2026-09-14; M49 country/area label does not itself decide sovereignty or treaty status."
MG,Madagascar,UN_M49_COUNTRY_OR_AREA,Africa / Sub-Saharan Africa,REGISTRY_ENUMERATED_RESEARCH_NOT_STARTED,P2,baseline legal-system/source mapping; AI/data/privacy/cyber/consumer/product/public-law interfaces,"UN M49 450 live country/area enumeration confirmed 2026-09-14. Enumeration does not decide sovereignty, recognition, treaty status, applicable law or domestic competence. UN M49 450 live enumeration confirmed 2026-09-14; M49 country/area label does not itself decide sovereignty or treaty status."
MH,Marshall Islands,UN_M49_COUNTRY_OR_AREA,Oceania / Micronesia,REGISTRY_ENUMERATED_RESEARCH_NOT_STARTED,P2,baseline legal-system/source mapping; AI/data/privacy/cyber/consumer/product/public-law interfaces,"UN M49 584 live country/area enumeration confirmed 2026-09-14. Enumeration does not decide sovereignty, recognition, treaty status, applicable law or domestic competence. UN M49 584 live enumeration confirmed 2026-09-14; M49 country/area label does not itself decide sovereignty or treaty status."
MK,North Macedonia,UN_M49_COUNTRY_OR_AREA,Europe / Southern Europe,REGISTRY_ENUMERATED_RESEARCH_NOT_STARTED,P2,baseline legal-system/source mapping; AI/data/privacy/cyber/consumer/product/public-law interfaces,"UN M49 807 live country/area enumeration confirmed 2026-09-14. Enumeration does not decide sovereignty, recognition, treaty status, applicable law or domestic competence. UN M49 807 live enumeration confirmed 2026-09-14; M49 country/area label does not itself decide sovereignty or treaty status."
ML,Mali,UN_M49_COUNTRY_OR_AREA,Africa / Sub-Saharan Africa,REGISTRY_ENUMERATED_RESEARCH_NOT_STARTED,P2,baseline legal-system/source mapping; AI/data/privacy/cyber/consumer/product/public-law interfaces,"UN M49 466 live country/area enumeration confirmed 2026-09-14. Enumeration does not decide sovereignty, recognition, treaty status, applicable law or domestic competence. UN M49 466 live enumeration confirmed 2026-09-14; M49 country/area label does not itself decide sovereignty or treaty status."
MM,Myanmar,UN_M49_COUNTRY_OR_AREA,Asia / South-eastern Asia,REGISTRY_ENUMERATED_RESEARCH_NOT_STARTED,P2,baseline legal-system/source mapping; AI/data/privacy/cyber/consumer/product/public-law interfaces,"UN M49 104 live country/area enumeration confirmed 2026-09-14. Enumeration does not decide sovereignty, recognition, treaty status, applicable law or domestic competence. UN M49 104 live enumeration confirmed 2026-09-14; M49 country/area label does not itself decide sovereignty or treaty status."
MN,Mongolia,UN_M49_COUNTRY_OR_AREA,Asia / Eastern Asia,REGISTRY_ENUMERATED_RESEARCH_NOT_STARTED,P2,baseline legal-system/source mapping; AI/data/privacy/cyber/consumer/product/public-law interfaces,"UN M49 496 live country/area enumeration confirmed 2026-09-14. Enumeration does not decide sovereignty, recognition, treaty status, applicable law or domestic competence. UN M49 496 live enumeration confirmed 2026-09-14; M49 country/area label does not itself decide sovereignty or treaty status."
MO,"China, Macao Special Administrative Region",UN_M49_COUNTRY_OR_AREA,Asia / Eastern Asia,REGISTRY_ENUMERATED_RESEARCH_NOT_STARTED,P2,baseline legal-system/source mapping; AI/data/privacy/cyber/consumer/product/public-law interfaces,"UN M49 446 live country/area enumeration confirmed 2026-09-14. Enumeration does not decide sovereignty, recognition, treaty status, applicable law or domestic competence. UN M49 446 live enumeration confirmed 2026-09-14; M49 country/area label does not itself decide sovereignty or treaty status."
MP,Northern Mariana Islands,UN_M49_COUNTRY_OR_AREA,Oceania / Micronesia,REGISTRY_ENUMERATED_RESEARCH_NOT_STARTED,P2,baseline legal-system/source mapping; AI/data/privacy/cyber/consumer/product/public-law interfaces,"UN M49 580 live country/area enumeration confirmed 2026-09-14. Enumeration does not decide sovereignty, recognition, treaty status, applicable law or domestic competence. UN M49 580 live enumeration confirmed 2026-09-14; M49 country/area label does not itself decide sovereignty or treaty status."
MQ,Martinique,UN_M49_COUNTRY_OR_AREA,Americas / Latin America and the Caribbean,REGISTRY_ENUMERATED_RESEARCH_NOT_STARTED,P2,baseline legal-system/source mapping; AI/data/privacy/cyber/consumer/product/public-law interfaces,"UN M49 474 live country/area enumeration confirmed 2026-09-14. Enumeration does not decide sovereignty, recognition, treaty status, applicable law or domestic competence. UN M49 474 live enumeration confirmed 2026-09-14; M49 country/area label does not itself decide sovereignty or treaty status."
MR,Mauritania,UN_M49_COUNTRY_OR_AREA,Africa / Sub-Saharan Africa,REGISTRY_ENUMERATED_RESEARCH_NOT_STARTED,P2,baseline legal-system/source mapping; AI/data/privacy/cyber/consumer/product/public-law interfaces,"UN M49 478 live country/area enumeration confirmed 2026-09-14. Enumeration does not decide sovereignty, recognition, treaty status, applicable law or domestic competence. UN M49 478 live enumeration confirmed 2026-09-14; M49 country/area label does not itself decide sovereignty or treaty status."
MS,Montserrat,UN_M49_COUNTRY_OR_AREA,Americas / Latin America and the Caribbean,REGISTRY_ENUMERATED_RESEARCH_NOT_STARTED,P2,baseline legal-system/source mapping; AI/data/privacy/cyber/consumer/product/public-law interfaces,"UN M49 500 live country/area enumeration confirmed 2026-09-14. Enumeration does not decide sovereignty, recognition, treaty status, applicable law or domestic competence. UN M49 500 live enumeration confirmed 2026-09-14; M49 country/area label does not itself decide sovereignty or treaty status."
MT,Malta,UN_M49_COUNTRY_OR_AREA,Europe / Southern Europe,REGISTRY_ENUMERATED_RESEARCH_NOT_STARTED,P2,baseline legal-system/source mapping; AI/data/privacy/cyber/consumer/product/public-law interfaces,"UN M49 470 live country/area enumeration confirmed 2026-09-14. Enumeration does not decide sovereignty, recognition, treaty status, applicable law or domestic competence. UN M49 470 live enumeration confirmed 2026-09-14; M49 country/area label does not itself decide sovereignty or treaty status."
MU,Mauritius,UN_M49_COUNTRY_OR_AREA,Africa / Sub-Saharan Africa,REGISTRY_ENUMERATED_RESEARCH_NOT_STARTED,P2,baseline legal-system/source mapping; AI/data/privacy/cyber/consumer/product/public-law interfaces,"UN M49 480 live country/area enumeration confirmed 2026-09-14. Enumeration does not decide sovereignty, recognition, treaty status, applicable law or domestic competence. UN M49 480 live enumeration confirmed 2026-09-14; M49 country/area label does not itself decide sovereignty or treaty status."
MV,Maldives,UN_M49_COUNTRY_OR_AREA,Asia / Southern Asia,REGISTRY_ENUMERATED_RESEARCH_NOT_STARTED,P2,baseline legal-system/source mapping; AI/data/privacy/cyber/consumer/product/public-law interfaces,"UN M49 462 live country/area enumeration confirmed 2026-09-14. Enumeration does not decide sovereignty, recognition, treaty status, applicable law or domestic competence. UN M49 462 live enumeration confirmed 2026-09-14; M49 country/area label does not itself decide sovereignty or treaty status."
MW,Malawi,UN_M49_COUNTRY_OR_AREA,Africa / Sub-Saharan Africa,REGISTRY_ENUMERATED_RESEARCH_NOT_STARTED,P2,baseline legal-system/source mapping; AI/data/privacy/cyber/consumer/product/public-law interfaces,"UN M49 454 live country/area enumeration confirmed 2026-09-14. Enumeration does not decide sovereignty, recognition, treaty status, applicable law or domestic competence. UN M49 454 live enumeration confirmed 2026-09-14; M49 country/area label does not itself decide sovereignty or treaty status."
MX,Mexico,NATIONAL,NORTH_AMERICA,RESEARCH_REQUIRED,P2,data protection; consumer; civil/admin; AI proposals,Federal/state allocation requires research. UN M49 484 live enumeration confirmed 2026-09-14; M49 country/area label does not itself decide sovereignty or treaty status.
MY,Malaysia,UN_M49_COUNTRY_OR_AREA,Asia / South-eastern Asia,REGISTRY_ENUMERATED_RESEARCH_NOT_STARTED,P2,baseline legal-system/source mapping; AI/data/privacy/cyber/consumer/product/public-law interfaces,"UN M49 458 live country/area enumeration confirmed 2026-09-14. Enumeration does not decide sovereignty, recognition, treaty status, applicable law or domestic competence. UN M49 458 live enumeration confirmed 2026-09-14; M49 country/area label does not itself decide sovereignty or treaty status."
MZ,Mozambique,UN_M49_COUNTRY_OR_AREA,Africa / Sub-Saharan Africa,REGISTRY_ENUMERATED_RESEARCH_NOT_STARTED,P2,baseline legal-system/source mapping; AI/data/privacy/cyber/consumer/product/public-law interfaces,"UN M49 508 live country/area enumeration confirmed 2026-09-14. Enumeration does not decide sovereignty, recognition, treaty status, applicable law or domestic competence. UN M49 508 live enumeration confirmed 2026-09-14; M49 country/area label does not itself decide sovereignty or treaty status."
NC,New Caledonia,UN_M49_COUNTRY_OR_AREA,Oceania / Melanesia,REGISTRY_ENUMERATED_RESEARCH_NOT_STARTED,P2,baseline legal-system/source mapping; AI/data/privacy/cyber/consumer/product/public-law interfaces,"UN M49 540 live country/area enumeration confirmed 2026-09-14. Enumeration does not decide sovereignty, recognition, treaty status, applicable law or domestic competence. UN M49 540 live enumeration confirmed 2026-09-14; M49 country/area label does not itself decide sovereignty or treaty status."
NE,Niger,UN_M49_COUNTRY_OR_AREA,Africa / Sub-Saharan Africa,REGISTRY_ENUMERATED_RESEARCH_NOT_STARTED,P2,baseline legal-system/source mapping; AI/data/privacy/cyber/consumer/product/public-law interfaces,"UN M49 562 live country/area enumeration confirmed 2026-09-14. Enumeration does not decide sovereignty, recognition, treaty status, applicable law or domestic competence. UN M49 562 live enumeration confirmed 2026-09-14; M49 country/area label does not itself decide sovereignty or treaty status."
NF,Norfolk Island,UN_M49_COUNTRY_OR_AREA,Oceania / Australia and New Zealand,REGISTRY_ENUMERATED_RESEARCH_NOT_STARTED,P2,baseline legal-system/source mapping; AI/data/privacy/cyber/consumer/product/public-law interfaces,"UN M49 574 live country/area enumeration confirmed 2026-09-14. Enumeration does not decide sovereignty, recognition, treaty status, applicable law or domestic competence. UN M49 574 live enumeration confirmed 2026-09-14; M49 country/area label does not itself decide sovereignty or treaty status."
NG,Nigeria,UN_M49_COUNTRY_OR_AREA,Africa / Sub-Saharan Africa,REGISTRY_ENUMERATED_RESEARCH_NOT_STARTED,P2,baseline legal-system/source mapping; AI/data/privacy/cyber/consumer/product/public-law interfaces,"UN M49 566 live country/area enumeration confirmed 2026-09-14. Enumeration does not decide sovereignty, recognition, treaty status, applicable law or domestic competence. UN M49 566 live enumeration confirmed 2026-09-14; M49 country/area label does not itself decide sovereignty or treaty status."
NI,Nicaragua,UN_M49_COUNTRY_OR_AREA,Americas / Latin America and the Caribbean,REGISTRY_ENUMERATED_RESEARCH_NOT_STARTED,P2,baseline legal-system/source mapping; AI/data/privacy/cyber/consumer/product/public-law interfaces,"UN M49 558 live country/area enumeration confirmed 2026-09-14. Enumeration does not decide sovereignty, recognition, treaty status, applicable law or domestic competence. UN M49 558 live enumeration confirmed 2026-09-14; M49 country/area label does not itself decide sovereignty or treaty status."
NL,Netherlands (Kingdom of the),UN_M49_COUNTRY_OR_AREA,Europe / Western Europe,REGISTRY_ENUMERATED_RESEARCH_NOT_STARTED,P2,baseline legal-system/source mapping; AI/data/privacy/cyber/consumer/product/public-law interfaces,"UN M49 528 live country/area enumeration confirmed 2026-09-14. Enumeration does not decide sovereignty, recognition, treaty status, applicable law or domestic competence. UN M49 528 live enumeration confirmed 2026-09-14; M49 country/area label does not itself decide sovereignty or treaty status."
NO,Norway,UN_M49_COUNTRY_OR_AREA,Europe / Northern Europe,REGISTRY_ENUMERATED_RESEARCH_NOT_STARTED,P2,baseline legal-system/source mapping; AI/data/privacy/cyber/consumer/product/public-law interfaces,"UN M49 578 live country/area enumeration confirmed 2026-09-14. Enumeration does not decide sovereignty, recognition, treaty status, applicable law or domestic competence. UN M49 578 live enumeration confirmed 2026-09-14; M49 country/area label does not itself decide sovereignty or treaty status."
NP,Nepal,UN_M49_COUNTRY_OR_AREA,Asia / Southern Asia,REGISTRY_ENUMERATED_RESEARCH_NOT_STARTED,P2,baseline legal-system/source mapping; AI/data/privacy/cyber/consumer/product/public-law interfaces,"UN M49 524 live country/area enumeration confirmed 2026-09-14. Enumeration does not decide sovereignty, recognition, treaty status, applicable law or domestic competence. UN M49 524 live enumeration confirmed 2026-09-14; M49 country/area label does not itself decide sovereignty or treaty status."
NR,Naoero,UN_M49_COUNTRY_OR_AREA,Oceania / Micronesia,REGISTRY_ENUMERATED_RESEARCH_NOT_STARTED,P2,baseline legal-system/source mapping; AI/data/privacy/cyber/consumer/product/public-law interfaces,"UN M49 520 live country/area enumeration confirmed 2026-09-14. Enumeration does not decide sovereignty, recognition, treaty status, applicable law or domestic competence. UN M49 520 live enumeration confirmed 2026-09-14; M49 country/area label does not itself decide sovereignty or treaty status."
NU,Niue,UN_M49_COUNTRY_OR_AREA,Oceania / Polynesia,REGISTRY_ENUMERATED_RESEARCH_NOT_STARTED,P2,baseline legal-system/source mapping; AI/data/privacy/cyber/consumer/product/public-law interfaces,"UN M49 570 live country/area enumeration confirmed 2026-09-14. Enumeration does not decide sovereignty, recognition, treaty status, applicable law or domestic competence. UN M49 570 live enumeration confirmed 2026-09-14; M49 country/area label does not itself decide sovereignty or treaty status."
NZ,New Zealand,UN_M49_COUNTRY_OR_AREA,Oceania / Australia and New Zealand,REGISTRY_ENUMERATED_RESEARCH_NOT_STARTED,P2,baseline legal-system/source mapping; AI/data/privacy/cyber/consumer/product/public-law interfaces,"UN M49 554 live country/area enumeration confirmed 2026-09-14. Enumeration does not decide sovereignty, recognition, treaty status, applicable law or domestic competence. UN M49 554 live enumeration confirmed 2026-09-14; M49 country/area label does not itself decide sovereignty or treaty status."
OM,Oman,UN_M49_COUNTRY_OR_AREA,Asia / Western Asia,REGISTRY_ENUMERATED_RESEARCH_NOT_STARTED,P2,baseline legal-system/source mapping; AI/data/privacy/cyber/consumer/product/public-law interfaces,"UN M49 512 live country/area enumeration confirmed 2026-09-14. Enumeration does not decide sovereignty, recognition, treaty status, applicable law or domestic competence. UN M49 512 live enumeration confirmed 2026-09-14; M49 country/area label does not itself decide sovereignty or treaty status."
PA,Panama,UN_M49_COUNTRY_OR_AREA,Americas / Latin America and the Caribbean,REGISTRY_ENUMERATED_RESEARCH_NOT_STARTED,P2,baseline legal-system/source mapping; AI/data/privacy/cyber/consumer/product/public-law interfaces,"UN M49 591 live country/area enumeration confirmed 2026-09-14. Enumeration does not decide sovereignty, recognition, treaty status, applicable law or domestic competence. UN M49 591 live enumeration confirmed 2026-09-14; M49 country/area label does not itself decide sovereignty or treaty status."
PE,Peru,UN_M49_COUNTRY_OR_AREA,Americas / Latin America and the Caribbean,REGISTRY_ENUMERATED_RESEARCH_NOT_STARTED,P2,baseline legal-system/source mapping; AI/data/privacy/cyber/consumer/product/public-law interfaces,"UN M49 604 live country/area enumeration confirmed 2026-09-14. Enumeration does not decide sovereignty, recognition, treaty status, applicable law or domestic competence. UN M49 604 live enumeration confirmed 2026-09-14; M49 country/area label does not itself decide sovereignty or treaty status."
PF,French Polynesia,UN_M49_COUNTRY_OR_AREA,Oceania / Polynesia,REGISTRY_ENUMERATED_RESEARCH_NOT_STARTED,P2,baseline legal-system/source mapping; AI/data/privacy/cyber/consumer/product/public-law interfaces,"UN M49 258 live country/area enumeration confirmed 2026-09-14. Enumeration does not decide sovereignty, recognition, treaty status, applicable law or domestic competence. UN M49 258 live enumeration confirmed 2026-09-14; M49 country/area label does not itself decide sovereignty or treaty status."
PG,Papua New Guinea,UN_M49_COUNTRY_OR_AREA,Oceania / Melanesia,REGISTRY_ENUMERATED_RESEARCH_NOT_STARTED,P2,baseline legal-system/source mapping; AI/data/privacy/cyber/consumer/product/public-law interfaces,"UN M49 598 live country/area enumeration confirmed 2026-09-14. Enumeration does not decide sovereignty, recognition, treaty status, applicable law or domestic competence. UN M49 598 live enumeration confirmed 2026-09-14; M49 country/area label does not itself decide sovereignty or treaty status."
PH,Philippines,UN_M49_COUNTRY_OR_AREA,Asia / South-eastern Asia,REGISTRY_ENUMERATED_RESEARCH_NOT_STARTED,P2,baseline legal-system/source mapping; AI/data/privacy/cyber/consumer/product/public-law interfaces,"UN M49 608 live country/area enumeration confirmed 2026-09-14. Enumeration does not decide sovereignty, recognition, treaty status, applicable law or domestic competence. UN M49 608 live enumeration confirmed 2026-09-14; M49 country/area label does not itself decide sovereignty or treaty status."
PK,Pakistan,UN_M49_COUNTRY_OR_AREA,Asia / Southern Asia,REGISTRY_ENUMERATED_RESEARCH_NOT_STARTED,P2,baseline legal-system/source mapping; AI/data/privacy/cyber/consumer/product/public-law interfaces,"UN M49 586 live country/area enumeration confirmed 2026-09-14. Enumeration does not decide sovereignty, recognition, treaty status, applicable law or domestic competence. UN M49 586 live enumeration confirmed 2026-09-14; M49 country/area label does not itself decide sovereignty or treaty status."
PL,Poland,UN_M49_COUNTRY_OR_AREA,Europe / Eastern Europe,REGISTRY_ENUMERATED_RESEARCH_NOT_STARTED,P2,baseline legal-system/source mapping; AI/data/privacy/cyber/consumer/product/public-law interfaces,"UN M49 616 live country/area enumeration confirmed 2026-09-14. Enumeration does not decide sovereignty, recognition, treaty status, applicable law or domestic competence. UN M49 616 live enumeration confirmed 2026-09-14; M49 country/area label does not itself decide sovereignty or treaty status."
PM,Saint Pierre and Miquelon,UN_M49_COUNTRY_OR_AREA,Americas / Northern America,REGISTRY_ENUMERATED_RESEARCH_NOT_STARTED,P2,baseline legal-system/source mapping; AI/data/privacy/cyber/consumer/product/public-law interfaces,"UN M49 666 live country/area enumeration confirmed 2026-09-14. Enumeration does not decide sovereignty, recognition, treaty status, applicable law or domestic competence. UN M49 666 live enumeration confirmed 2026-09-14; M49 country/area label does not itself decide sovereignty or treaty status."
PN,Pitcairn,UN_M49_COUNTRY_OR_AREA,Oceania / Polynesia,REGISTRY_ENUMERATED_RESEARCH_NOT_STARTED,P2,baseline legal-system/source mapping; AI/data/privacy/cyber/consumer/product/public-law interfaces,"UN M49 612 live country/area enumeration confirmed 2026-09-14. Enumeration does not decide sovereignty, recognition, treaty status, applicable law or domestic competence. UN M49 612 live enumeration confirmed 2026-09-14; M49 country/area label does not itself decide sovereignty or treaty status."
PR,Puerto Rico,UN_M49_COUNTRY_OR_AREA,Americas / Latin America and the Caribbean,REGISTRY_ENUMERATED_RESEARCH_NOT_STARTED,P2,baseline legal-system/source mapping; AI/data/privacy/cyber/consumer/product/public-law interfaces,"UN M49 630 live country/area enumeration confirmed 2026-09-14. Enumeration does not decide sovereignty, recognition, treaty status, applicable law or domestic competence. UN M49 630 live enumeration confirmed 2026-09-14; M49 country/area label does not itself decide sovereignty or treaty status."
PS,State of Palestine,UN_M49_COUNTRY_OR_AREA,Asia / Western Asia,REGISTRY_ENUMERATED_RESEARCH_NOT_STARTED,P2,baseline legal-system/source mapping; AI/data/privacy/cyber/consumer/product/public-law interfaces,"UN M49 275 live country/area enumeration confirmed 2026-09-14. Enumeration does not decide sovereignty, recognition, treaty status, applicable law or domestic competence. UN M49 275 live enumeration confirmed 2026-09-14; M49 country/area label does not itself decide sovereignty or treaty status."
PT,Portugal,UN_M49_COUNTRY_OR_AREA,Europe / Southern Europe,REGISTRY_ENUMERATED_RESEARCH_NOT_STARTED,P2,baseline legal-system/source mapping; AI/data/privacy/cyber/consumer/product/public-law interfaces,"UN M49 620 live country/area enumeration confirmed 2026-09-14. Enumeration does not decide sovereignty, recognition, treaty status, applicable law or domestic competence. UN M49 620 live enumeration confirmed 2026-09-14; M49 country/area label does not itself decide sovereignty or treaty status."
PW,Palau,UN_M49_COUNTRY_OR_AREA,Oceania / Micronesia,REGISTRY_ENUMERATED_RESEARCH_NOT_STARTED,P2,baseline legal-system/source mapping; AI/data/privacy/cyber/consumer/product/public-law interfaces,"UN M49 585 live country/area enumeration confirmed 2026-09-14. Enumeration does not decide sovereignty, recognition, treaty status, applicable law or domestic competence. UN M49 585 live enumeration confirmed 2026-09-14; M49 country/area label does not itself decide sovereignty or treaty status."
PY,Paraguay,UN_M49_COUNTRY_OR_AREA,Americas / Latin America and the Caribbean,REGISTRY_ENUMERATED_RESEARCH_NOT_STARTED,P2,baseline legal-system/source mapping; AI/data/privacy/cyber/consumer/product/public-law interfaces,"UN M49 600 live country/area enumeration confirmed 2026-09-14. Enumeration does not decide sovereignty, recognition, treaty status, applicable law or domestic competence. UN M49 600 live enumeration confirmed 2026-09-14; M49 country/area label does not itself decide sovereignty or treaty status."
QA,Qatar,UN_M49_COUNTRY_OR_AREA,Asia / Western Asia,REGISTRY_ENUMERATED_RESEARCH_NOT_STARTED,P2,baseline legal-system/source mapping; AI/data/privacy/cyber/consumer/product/public-law interfaces,"UN M49 634 live country/area enumeration confirmed 2026-09-14. Enumeration does not decide sovereignty, recognition, treaty status, applicable law or domestic competence. UN M49 634 live enumeration confirmed 2026-09-14; M49 country/area label does not itself decide sovereignty or treaty status."
RE,Réunion,UN_M49_COUNTRY_OR_AREA,Africa / Sub-Saharan Africa,REGISTRY_ENUMERATED_RESEARCH_NOT_STARTED,P2,baseline legal-system/source mapping; AI/data/privacy/cyber/consumer/product/public-law interfaces,"UN M49 638 live country/area enumeration confirmed 2026-09-14. Enumeration does not decide sovereignty, recognition, treaty status, applicable law or domestic competence. UN M49 638 live enumeration confirmed 2026-09-14; M49 country/area label does not itself decide sovereignty or treaty status."
RO,Romania,UN_M49_COUNTRY_OR_AREA,Europe / Eastern Europe,REGISTRY_ENUMERATED_RESEARCH_NOT_STARTED,P2,baseline legal-system/source mapping; AI/data/privacy/cyber/consumer/product/public-law interfaces,"UN M49 642 live country/area enumeration confirmed 2026-09-14. Enumeration does not decide sovereignty, recognition, treaty status, applicable law or domestic competence. UN M49 642 live enumeration confirmed 2026-09-14; M49 country/area label does not itself decide sovereignty or treaty status."
RS,Serbia,UN_M49_COUNTRY_OR_AREA,Europe / Southern Europe,REGISTRY_ENUMERATED_RESEARCH_NOT_STARTED,P2,baseline legal-system/source mapping; AI/data/privacy/cyber/consumer/product/public-law interfaces,"UN M49 688 live country/area enumeration confirmed 2026-09-14. Enumeration does not decide sovereignty, recognition, treaty status, applicable law or domestic competence. UN M49 688 live enumeration confirmed 2026-09-14; M49 country/area label does not itself decide sovereignty or treaty status."
RU,Russian Federation,UN_M49_COUNTRY_OR_AREA,Europe / Eastern Europe,REGISTRY_ENUMERATED_RESEARCH_NOT_STARTED,P2,baseline legal-system/source mapping; AI/data/privacy/cyber/consumer/product/public-law interfaces,"UN M49 643 live country/area enumeration confirmed 2026-09-14. Enumeration does not decide sovereignty, recognition, treaty status, applicable law or domestic competence. UN M49 643 live enumeration confirmed 2026-09-14; M49 country/area label does not itself decide sovereignty or treaty status."
RW,Rwanda,UN_M49_COUNTRY_OR_AREA,Africa / Sub-Saharan Africa,REGISTRY_ENUMERATED_RESEARCH_NOT_STARTED,P2,baseline legal-system/source mapping; AI/data/privacy/cyber/consumer/product/public-law interfaces,"UN M49 646 live country/area enumeration confirmed 2026-09-14. Enumeration does not decide sovereignty, recognition, treaty status, applicable law or domestic competence. UN M49 646 live enumeration confirmed 2026-09-14; M49 country/area label does not itself decide sovereignty or treaty status."
SA,Saudi Arabia,NATIONAL,MIDDLE_EAST,RESEARCH_REQUIRED,P2,PDPL; SDAIA AI governance; cyber; sector obligations,Binding/guide status required. UN M49 682 live enumeration confirmed 2026-09-14; M49 country/area label does not itself decide sovereignty or treaty status.
SB,Solomon Islands,UN_M49_COUNTRY_OR_AREA,Oceania / Melanesia,REGISTRY_ENUMERATED_RESEARCH_NOT_STARTED,P2,baseline legal-system/source mapping; AI/data/privacy/cyber/consumer/product/public-law interfaces,"UN M49 090 live country/area enumeration confirmed 2026-09-14. Enumeration does not decide sovereignty, recognition, treaty status, applicable law or domestic competence. UN M49 090 live enumeration confirmed 2026-09-14; M49 country/area label does not itself decide sovereignty or treaty status."
SC,Seychelles,UN_M49_COUNTRY_OR_AREA,Africa / Sub-Saharan Africa,REGISTRY_ENUMERATED_RESEARCH_NOT_STARTED,P2,baseline legal-system/source mapping; AI/data/privacy/cyber/consumer/product/public-law interfaces,"UN M49 690 live country/area enumeration confirmed 2026-09-14. Enumeration does not decide sovereignty, recognition, treaty status, applicable law or domestic competence. UN M49 690 live enumeration confirmed 2026-09-14; M49 country/area label does not itself decide sovereignty or treaty status."
SD,Sudan,UN_M49_COUNTRY_OR_AREA,Africa / Northern Africa,REGISTRY_ENUMERATED_RESEARCH_NOT_STARTED,P2,baseline legal-system/source mapping; AI/data/privacy/cyber/consumer/product/public-law interfaces,"UN M49 729 live country/area enumeration confirmed 2026-09-14. Enumeration does not decide sovereignty, recognition, treaty status, applicable law or domestic competence. UN M49 729 live enumeration confirmed 2026-09-14; M49 country/area label does not itself decide sovereignty or treaty status."
SE,Sweden,UN_M49_COUNTRY_OR_AREA,Europe / Northern Europe,REGISTRY_ENUMERATED_RESEARCH_NOT_STARTED,P2,baseline legal-system/source mapping; AI/data/privacy/cyber/consumer/product/public-law interfaces,"UN M49 752 live country/area enumeration confirmed 2026-09-14. Enumeration does not decide sovereignty, recognition, treaty status, applicable law or domestic competence. UN M49 752 live enumeration confirmed 2026-09-14; M49 country/area label does not itself decide sovereignty or treaty status."
SG,Singapore,NATIONAL,ASIA,RESEARCH_REQUIRED,P2,PDPA; model AI governance; financial/sector guidance,Governance frameworks may be nonbinding. UN M49 702 live enumeration confirmed 2026-09-14; M49 country/area label does not itself decide sovereignty or treaty status.
SH,Saint Helena,UN_M49_COUNTRY_OR_AREA,Africa / Sub-Saharan Africa,REGISTRY_ENUMERATED_RESEARCH_NOT_STARTED,P2,baseline legal-system/source mapping; AI/data/privacy/cyber/consumer/product/public-law interfaces,"UN M49 654 live country/area enumeration confirmed 2026-09-14. Enumeration does not decide sovereignty, recognition, treaty status, applicable law or domestic competence. UN M49 654 live enumeration confirmed 2026-09-14; M49 country/area label does not itself decide sovereignty or treaty status."
SI,Slovenia,UN_M49_COUNTRY_OR_AREA,Europe / Southern Europe,REGISTRY_ENUMERATED_RESEARCH_NOT_STARTED,P2,baseline legal-system/source mapping; AI/data/privacy/cyber/consumer/product/public-law interfaces,"UN M49 705 live country/area enumeration confirmed 2026-09-14. Enumeration does not decide sovereignty, recognition, treaty status, applicable law or domestic competence. UN M49 705 live enumeration confirmed 2026-09-14; M49 country/area label does not itself decide sovereignty or treaty status."
SJ,Svalbard and Jan Mayen Islands,UN_M49_COUNTRY_OR_AREA,Europe / Northern Europe,REGISTRY_ENUMERATED_RESEARCH_NOT_STARTED,P2,baseline legal-system/source mapping; AI/data/privacy/cyber/consumer/product/public-law interfaces,"UN M49 744 live country/area enumeration confirmed 2026-09-14. Enumeration does not decide sovereignty, recognition, treaty status, applicable law or domestic competence. UN M49 744 live enumeration confirmed 2026-09-14; M49 country/area label does not itself decide sovereignty or treaty status."
SK,Slovakia,UN_M49_COUNTRY_OR_AREA,Europe / Eastern Europe,REGISTRY_ENUMERATED_RESEARCH_NOT_STARTED,P2,baseline legal-system/source mapping; AI/data/privacy/cyber/consumer/product/public-law interfaces,"UN M49 703 live country/area enumeration confirmed 2026-09-14. Enumeration does not decide sovereignty, recognition, treaty status, applicable law or domestic competence. UN M49 703 live enumeration confirmed 2026-09-14; M49 country/area label does not itself decide sovereignty or treaty status."
SL,Sierra Leone,UN_M49_COUNTRY_OR_AREA,Africa / Sub-Saharan Africa,REGISTRY_ENUMERATED_RESEARCH_NOT_STARTED,P2,baseline legal-system/source mapping; AI/data/privacy/cyber/consumer/product/public-law interfaces,"UN M49 694 live country/area enumeration confirmed 2026-09-14. Enumeration does not decide sovereignty, recognition, treaty status, applicable law or domestic competence. UN M49 694 live enumeration confirmed 2026-09-14; M49 country/area label does not itself decide sovereignty or treaty status."
SM,San Marino,UN_M49_COUNTRY_OR_AREA,Europe / Southern Europe,REGISTRY_ENUMERATED_RESEARCH_NOT_STARTED,P2,baseline legal-system/source mapping; AI/data/privacy/cyber/consumer/product/public-law interfaces,"UN M49 674 live country/area enumeration confirmed 2026-09-14. Enumeration does not decide sovereignty, recognition, treaty status, applicable law or domestic competence. UN M49 674 live enumeration confirmed 2026-09-14; M49 country/area label does not itself decide sovereignty or treaty status."
SN,Senegal,UN_M49_COUNTRY_OR_AREA,Africa / Sub-Saharan Africa,REGISTRY_ENUMERATED_RESEARCH_NOT_STARTED,P2,baseline legal-system/source mapping; AI/data/privacy/cyber/consumer/product/public-law interfaces,"UN M49 686 live country/area enumeration confirmed 2026-09-14. Enumeration does not decide sovereignty, recognition, treaty status, applicable law or domestic competence. UN M49 686 live enumeration confirmed 2026-09-14; M49 country/area label does not itself decide sovereignty or treaty status."
SO,Somalia,UN_M49_COUNTRY_OR_AREA,Africa / Sub-Saharan Africa,REGISTRY_ENUMERATED_RESEARCH_NOT_STARTED,P2,baseline legal-system/source mapping; AI/data/privacy/cyber/consumer/product/public-law interfaces,"UN M49 706 live country/area enumeration confirmed 2026-09-14. Enumeration does not decide sovereignty, recognition, treaty status, applicable law or domestic competence. UN M49 706 live enumeration confirmed 2026-09-14; M49 country/area label does not itself decide sovereignty or treaty status."
SR,Suriname,UN_M49_COUNTRY_OR_AREA,Americas / Latin America and the Caribbean,REGISTRY_ENUMERATED_RESEARCH_NOT_STARTED,P2,baseline legal-system/source mapping; AI/data/privacy/cyber/consumer/product/public-law interfaces,"UN M49 740 live country/area enumeration confirmed 2026-09-14. Enumeration does not decide sovereignty, recognition, treaty status, applicable law or domestic competence. UN M49 740 live enumeration confirmed 2026-09-14; M49 country/area label does not itself decide sovereignty or treaty status."
SS,South Sudan,UN_M49_COUNTRY_OR_AREA,Africa / Sub-Saharan Africa,REGISTRY_ENUMERATED_RESEARCH_NOT_STARTED,P2,baseline legal-system/source mapping; AI/data/privacy/cyber/consumer/product/public-law interfaces,"UN M49 728 live country/area enumeration confirmed 2026-09-14. Enumeration does not decide sovereignty, recognition, treaty status, applicable law or domestic competence. UN M49 728 live enumeration confirmed 2026-09-14; M49 country/area label does not itself decide sovereignty or treaty status."
ST,Sao Tome and Principe,UN_M49_COUNTRY_OR_AREA,Africa / Sub-Saharan Africa,REGISTRY_ENUMERATED_RESEARCH_NOT_STARTED,P2,baseline legal-system/source mapping; AI/data/privacy/cyber/consumer/product/public-law interfaces,"UN M49 678 live country/area enumeration confirmed 2026-09-14. Enumeration does not decide sovereignty, recognition, treaty status, applicable law or domestic competence. UN M49 678 live enumeration confirmed 2026-09-14; M49 country/area label does not itself decide sovereignty or treaty status."
SV,El Salvador,UN_M49_COUNTRY_OR_AREA,Americas / Latin America and the Caribbean,REGISTRY_ENUMERATED_RESEARCH_NOT_STARTED,P2,baseline legal-system/source mapping; AI/data/privacy/cyber/consumer/product/public-law interfaces,"UN M49 222 live country/area enumeration confirmed 2026-09-14. Enumeration does not decide sovereignty, recognition, treaty status, applicable law or domestic competence. UN M49 222 live enumeration confirmed 2026-09-14; M49 country/area label does not itself decide sovereignty or treaty status."
SX,Sint Maarten (Dutch part),UN_M49_COUNTRY_OR_AREA,Americas / Latin America and the Caribbean,REGISTRY_ENUMERATED_RESEARCH_NOT_STARTED,P2,baseline legal-system/source mapping; AI/data/privacy/cyber/consumer/product/public-law interfaces,"UN M49 534 live country/area enumeration confirmed 2026-09-14. Enumeration does not decide sovereignty, recognition, treaty status, applicable law or domestic competence. UN M49 534 live enumeration confirmed 2026-09-14; M49 country/area label does not itself decide sovereignty or treaty status."
SY,Syrian Arab Republic,UN_M49_COUNTRY_OR_AREA,Asia / Western Asia,REGISTRY_ENUMERATED_RESEARCH_NOT_STARTED,P2,baseline legal-system/source mapping; AI/data/privacy/cyber/consumer/product/public-law interfaces,"UN M49 760 live country/area enumeration confirmed 2026-09-14. Enumeration does not decide sovereignty, recognition, treaty status, applicable law or domestic competence. UN M49 760 live enumeration confirmed 2026-09-14; M49 country/area label does not itself decide sovereignty or treaty status."
SZ,Eswatini,UN_M49_COUNTRY_OR_AREA,Africa / Sub-Saharan Africa,REGISTRY_ENUMERATED_RESEARCH_NOT_STARTED,P2,baseline legal-system/source mapping; AI/data/privacy/cyber/consumer/product/public-law interfaces,"UN M49 748 live country/area enumeration confirmed 2026-09-14. Enumeration does not decide sovereignty, recognition, treaty status, applicable law or domestic competence. UN M49 748 live enumeration confirmed 2026-09-14; M49 country/area label does not itself decide sovereignty or treaty status."
TC,Turks and Caicos Islands,UN_M49_COUNTRY_OR_AREA,Americas / Latin America and the Caribbean,REGISTRY_ENUMERATED_RESEARCH_NOT_STARTED,P2,baseline legal-system/source mapping; AI/data/privacy/cyber/consumer/product/public-law interfaces,"UN M49 796 live country/area enumeration confirmed 2026-09-14. Enumeration does not decide sovereignty, recognition, treaty status, applicable law or domestic competence. UN M49 796 live enumeration confirmed 2026-09-14; M49 country/area label does not itself decide sovereignty or treaty status."
TD,Chad,UN_M49_COUNTRY_OR_AREA,Africa / Sub-Saharan Africa,REGISTRY_ENUMERATED_RESEARCH_NOT_STARTED,P2,baseline legal-system/source mapping; AI/data/privacy/cyber/consumer/product/public-law interfaces,"UN M49 148 live country/area enumeration confirmed 2026-09-14. Enumeration does not decide sovereignty, recognition, treaty status, applicable law or domestic competence. UN M49 148 live enumeration confirmed 2026-09-14; M49 country/area label does not itself decide sovereignty or treaty status."
TF,French Southern Territories,UN_M49_COUNTRY_OR_AREA,Africa / Sub-Saharan Africa,REGISTRY_ENUMERATED_RESEARCH_NOT_STARTED,P2,baseline legal-system/source mapping; AI/data/privacy/cyber/consumer/product/public-law interfaces,"UN M49 260 live country/area enumeration confirmed 2026-09-14. Enumeration does not decide sovereignty, recognition, treaty status, applicable law or domestic competence. UN M49 260 live enumeration confirmed 2026-09-14; M49 country/area label does not itself decide sovereignty or treaty status."
TG,Togo,UN_M49_COUNTRY_OR_AREA,Africa / Sub-Saharan Africa,REGISTRY_ENUMERATED_RESEARCH_NOT_STARTED,P2,baseline legal-system/source mapping; AI/data/privacy/cyber/consumer/product/public-law interfaces,"UN M49 768 live country/area enumeration confirmed 2026-09-14. Enumeration does not decide sovereignty, recognition, treaty status, applicable law or domestic competence. UN M49 768 live enumeration confirmed 2026-09-14; M49 country/area label does not itself decide sovereignty or treaty status."
TH,Thailand,UN_M49_COUNTRY_OR_AREA,Asia / South-eastern Asia,REGISTRY_ENUMERATED_RESEARCH_NOT_STARTED,P2,baseline legal-system/source mapping; AI/data/privacy/cyber/consumer/product/public-law interfaces,"UN M49 764 live country/area enumeration confirmed 2026-09-14. Enumeration does not decide sovereignty, recognition, treaty status, applicable law or domestic competence. UN M49 764 live enumeration confirmed 2026-09-14; M49 country/area label does not itself decide sovereignty or treaty status."
TJ,Tajikistan,UN_M49_COUNTRY_OR_AREA,Asia / Central Asia,REGISTRY_ENUMERATED_RESEARCH_NOT_STARTED,P2,baseline legal-system/source mapping; AI/data/privacy/cyber/consumer/product/public-law interfaces,"UN M49 762 live country/area enumeration confirmed 2026-09-14. Enumeration does not decide sovereignty, recognition, treaty status, applicable law or domestic competence. UN M49 762 live enumeration confirmed 2026-09-14; M49 country/area label does not itself decide sovereignty or treaty status."
TK,Tokelau,UN_M49_COUNTRY_OR_AREA,Oceania / Polynesia,REGISTRY_ENUMERATED_RESEARCH_NOT_STARTED,P2,baseline legal-system/source mapping; AI/data/privacy/cyber/consumer/product/public-law interfaces,"UN M49 772 live country/area enumeration confirmed 2026-09-14. Enumeration does not decide sovereignty, recognition, treaty status, applicable law or domestic competence. UN M49 772 live enumeration confirmed 2026-09-14; M49 country/area label does not itself decide sovereignty or treaty status."
TL,Timor-Leste,UN_M49_COUNTRY_OR_AREA,Asia / South-eastern Asia,REGISTRY_ENUMERATED_RESEARCH_NOT_STARTED,P2,baseline legal-system/source mapping; AI/data/privacy/cyber/consumer/product/public-law interfaces,"UN M49 626 live country/area enumeration confirmed 2026-09-14. Enumeration does not decide sovereignty, recognition, treaty status, applicable law or domestic competence. UN M49 626 live enumeration confirmed 2026-09-14; M49 country/area label does not itself decide sovereignty or treaty status."
TM,Turkmenistan,UN_M49_COUNTRY_OR_AREA,Asia / Central Asia,REGISTRY_ENUMERATED_RESEARCH_NOT_STARTED,P2,baseline legal-system/source mapping; AI/data/privacy/cyber/consumer/product/public-law interfaces,"UN M49 795 live country/area enumeration confirmed 2026-09-14. Enumeration does not decide sovereignty, recognition, treaty status, applicable law or domestic competence. UN M49 795 live enumeration confirmed 2026-09-14; M49 country/area label does not itself decide sovereignty or treaty status."
TN,Tunisia,UN_M49_COUNTRY_OR_AREA,Africa / Northern Africa,REGISTRY_ENUMERATED_RESEARCH_NOT_STARTED,P2,baseline legal-system/source mapping; AI/data/privacy/cyber/consumer/product/public-law interfaces,"UN M49 788 live country/area enumeration confirmed 2026-09-14. Enumeration does not decide sovereignty, recognition, treaty status, applicable law or domestic competence. UN M49 788 live enumeration confirmed 2026-09-14; M49 country/area label does not itself decide sovereignty or treaty status."
TO,Tonga,UN_M49_COUNTRY_OR_AREA,Oceania / Polynesia,REGISTRY_ENUMERATED_RESEARCH_NOT_STARTED,P2,baseline legal-system/source mapping; AI/data/privacy/cyber/consumer/product/public-law interfaces,"UN M49 776 live country/area enumeration confirmed 2026-09-14. Enumeration does not decide sovereignty, recognition, treaty status, applicable law or domestic competence. UN M49 776 live enumeration confirmed 2026-09-14; M49 country/area label does not itself decide sovereignty or treaty status."
TR,Türkiye,NATIONAL,EUROPE_ASIA,INITIAL_RESEARCH_STARTED,P0,constitutional rights; KVKK/data; cyber; civil/criminal/admin/consumer; AI policy; case law,YargıGPT TR-LAW-01 official decision API unavailable in B001/B002; no negative inference. UN M49 792 live enumeration confirmed 2026-09-14; M49 country/area label does not itself decide sovereignty or treaty status.
TT,Trinidad and Tobago,UN_M49_COUNTRY_OR_AREA,Americas / Latin America and the Caribbean,REGISTRY_ENUMERATED_RESEARCH_NOT_STARTED,P2,baseline legal-system/source mapping; AI/data/privacy/cyber/consumer/product/public-law interfaces,"UN M49 780 live country/area enumeration confirmed 2026-09-14. Enumeration does not decide sovereignty, recognition, treaty status, applicable law or domestic competence. UN M49 780 live enumeration confirmed 2026-09-14; M49 country/area label does not itself decide sovereignty or treaty status."
TV,Tuvalu,UN_M49_COUNTRY_OR_AREA,Oceania / Polynesia,REGISTRY_ENUMERATED_RESEARCH_NOT_STARTED,P2,baseline legal-system/source mapping; AI/data/privacy/cyber/consumer/product/public-law interfaces,"UN M49 798 live country/area enumeration confirmed 2026-09-14. Enumeration does not decide sovereignty, recognition, treaty status, applicable law or domestic competence. UN M49 798 live enumeration confirmed 2026-09-14; M49 country/area label does not itself decide sovereignty or treaty status."
TZ,United Republic of Tanzania,UN_M49_COUNTRY_OR_AREA,Africa / Sub-Saharan Africa,REGISTRY_ENUMERATED_RESEARCH_NOT_STARTED,P2,baseline legal-system/source mapping; AI/data/privacy/cyber/consumer/product/public-law interfaces,"UN M49 834 live country/area enumeration confirmed 2026-09-14. Enumeration does not decide sovereignty, recognition, treaty status, applicable law or domestic competence. UN M49 834 live enumeration confirmed 2026-09-14; M49 country/area label does not itself decide sovereignty or treaty status."
UA,Ukraine,UN_M49_COUNTRY_OR_AREA,Europe / Eastern Europe,REGISTRY_ENUMERATED_RESEARCH_NOT_STARTED,P2,baseline legal-system/source mapping; AI/data/privacy/cyber/consumer/product/public-law interfaces,"UN M49 804 live country/area enumeration confirmed 2026-09-14. Enumeration does not decide sovereignty, recognition, treaty status, applicable law or domestic competence. UN M49 804 live enumeration confirmed 2026-09-14; M49 country/area label does not itself decide sovereignty or treaty status."
UG,Uganda,UN_M49_COUNTRY_OR_AREA,Africa / Sub-Saharan Africa,REGISTRY_ENUMERATED_RESEARCH_NOT_STARTED,P2,baseline legal-system/source mapping; AI/data/privacy/cyber/consumer/product/public-law interfaces,"UN M49 800 live country/area enumeration confirmed 2026-09-14. Enumeration does not decide sovereignty, recognition, treaty status, applicable law or domestic competence. UN M49 800 live enumeration confirmed 2026-09-14; M49 country/area label does not itself decide sovereignty or treaty status."
UM,United States Minor Outlying Islands,UN_M49_COUNTRY_OR_AREA,Oceania / Micronesia,REGISTRY_ENUMERATED_RESEARCH_NOT_STARTED,P2,baseline legal-system/source mapping; AI/data/privacy/cyber/consumer/product/public-law interfaces,"UN M49 581 live country/area enumeration confirmed 2026-09-14. Enumeration does not decide sovereignty, recognition, treaty status, applicable law or domestic competence. UN M49 581 live enumeration confirmed 2026-09-14; M49 country/area label does not itself decide sovereignty or treaty status."
US,United States,NATIONAL,NORTH_AMERICA,FEDERAL_STATE_INVENTORY_ARCHITECTURE_L1_COMPLETE_STATE_LAW_CONTENT_OPEN,P0,federal/state split; sectoral law; tort/product/privacy/consumer/cyber; state AI statutes,R007 enumerated all 50 states plus DC and classified controlled federal US-001..US-008. Utah current Chapter 72 identity / Section 13-72-101 current body verified 2026-09-14; other state-law content remains source-by-source research. Executive orders/OMB/NIST are not Acts of Congress. UN M49 840 live enumeration confirmed 2026-09-14; M49 country/area label does not itself decide sovereignty or treaty status.
UY,Uruguay,UN_M49_COUNTRY_OR_AREA,Americas / Latin America and the Caribbean,REGISTRY_ENUMERATED_RESEARCH_NOT_STARTED,P2,baseline legal-system/source mapping; AI/data/privacy/cyber/consumer/product/public-law interfaces,"UN M49 858 live country/area enumeration confirmed 2026-09-14. Enumeration does not decide sovereignty, recognition, treaty status, applicable law or domestic competence. UN M49 858 live enumeration confirmed 2026-09-14; M49 country/area label does not itself decide sovereignty or treaty status."
UZ,Uzbekistan,UN_M49_COUNTRY_OR_AREA,Asia / Central Asia,REGISTRY_ENUMERATED_RESEARCH_NOT_STARTED,P2,baseline legal-system/source mapping; AI/data/privacy/cyber/consumer/product/public-law interfaces,"UN M49 860 live country/area enumeration confirmed 2026-09-14. Enumeration does not decide sovereignty, recognition, treaty status, applicable law or domestic competence. UN M49 860 live enumeration confirmed 2026-09-14; M49 country/area label does not itself decide sovereignty or treaty status."
VA,Holy See,UN_M49_COUNTRY_OR_AREA,Europe / Southern Europe,REGISTRY_ENUMERATED_RESEARCH_NOT_STARTED,P2,baseline legal-system/source mapping; AI/data/privacy/cyber/consumer/product/public-law interfaces,"UN M49 336 live country/area enumeration confirmed 2026-09-14. Enumeration does not decide sovereignty, recognition, treaty status, applicable law or domestic competence. UN M49 336 live enumeration confirmed 2026-09-14; M49 country/area label does not itself decide sovereignty or treaty status."
VC,Saint Vincent and the Grenadines,UN_M49_COUNTRY_OR_AREA,Americas / Latin America and the Caribbean,REGISTRY_ENUMERATED_RESEARCH_NOT_STARTED,P2,baseline legal-system/source mapping; AI/data/privacy/cyber/consumer/product/public-law interfaces,"UN M49 670 live country/area enumeration confirmed 2026-09-14. Enumeration does not decide sovereignty, recognition, treaty status, applicable law or domestic competence. UN M49 670 live enumeration confirmed 2026-09-14; M49 country/area label does not itself decide sovereignty or treaty status."
VE,Venezuela (Bolivarian Republic of),UN_M49_COUNTRY_OR_AREA,Americas / Latin America and the Caribbean,REGISTRY_ENUMERATED_RESEARCH_NOT_STARTED,P2,baseline legal-system/source mapping; AI/data/privacy/cyber/consumer/product/public-law interfaces,"UN M49 862 live country/area enumeration confirmed 2026-09-14. Enumeration does not decide sovereignty, recognition, treaty status, applicable law or domestic competence. UN M49 862 live enumeration confirmed 2026-09-14; M49 country/area label does not itself decide sovereignty or treaty status."
VG,British Virgin Islands,UN_M49_COUNTRY_OR_AREA,Americas / Latin America and the Caribbean,REGISTRY_ENUMERATED_RESEARCH_NOT_STARTED,P2,baseline legal-system/source mapping; AI/data/privacy/cyber/consumer/product/public-law interfaces,"UN M49 092 live country/area enumeration confirmed 2026-09-14. Enumeration does not decide sovereignty, recognition, treaty status, applicable law or domestic competence. UN M49 092 live enumeration confirmed 2026-09-14; M49 country/area label does not itself decide sovereignty or treaty status."
VI,United States Virgin Islands,UN_M49_COUNTRY_OR_AREA,Americas / Latin America and the Caribbean,REGISTRY_ENUMERATED_RESEARCH_NOT_STARTED,P2,baseline legal-system/source mapping; AI/data/privacy/cyber/consumer/product/public-law interfaces,"UN M49 850 live country/area enumeration confirmed 2026-09-14. Enumeration does not decide sovereignty, recognition, treaty status, applicable law or domestic competence. UN M49 850 live enumeration confirmed 2026-09-14; M49 country/area label does not itself decide sovereignty or treaty status."
VN,Viet Nam,UN_M49_COUNTRY_OR_AREA,Asia / South-eastern Asia,REGISTRY_ENUMERATED_RESEARCH_NOT_STARTED,P2,baseline legal-system/source mapping; AI/data/privacy/cyber/consumer/product/public-law interfaces,"UN M49 704 live country/area enumeration confirmed 2026-09-14. Enumeration does not decide sovereignty, recognition, treaty status, applicable law or domestic competence. UN M49 704 live enumeration confirmed 2026-09-14; M49 country/area label does not itself decide sovereignty or treaty status."
VU,Vanuatu,UN_M49_COUNTRY_OR_AREA,Oceania / Melanesia,REGISTRY_ENUMERATED_RESEARCH_NOT_STARTED,P2,baseline legal-system/source mapping; AI/data/privacy/cyber/consumer/product/public-law interfaces,"UN M49 548 live country/area enumeration confirmed 2026-09-14. Enumeration does not decide sovereignty, recognition, treaty status, applicable law or domestic competence. UN M49 548 live enumeration confirmed 2026-09-14; M49 country/area label does not itself decide sovereignty or treaty status."
WF,Wallis and Futuna Islands,UN_M49_COUNTRY_OR_AREA,Oceania / Polynesia,REGISTRY_ENUMERATED_RESEARCH_NOT_STARTED,P2,baseline legal-system/source mapping; AI/data/privacy/cyber/consumer/product/public-law interfaces,"UN M49 876 live country/area enumeration confirmed 2026-09-14. Enumeration does not decide sovereignty, recognition, treaty status, applicable law or domestic competence. UN M49 876 live enumeration confirmed 2026-09-14; M49 country/area label does not itself decide sovereignty or treaty status."
WS,Samoa,UN_M49_COUNTRY_OR_AREA,Oceania / Polynesia,REGISTRY_ENUMERATED_RESEARCH_NOT_STARTED,P2,baseline legal-system/source mapping; AI/data/privacy/cyber/consumer/product/public-law interfaces,"UN M49 882 live country/area enumeration confirmed 2026-09-14. Enumeration does not decide sovereignty, recognition, treaty status, applicable law or domestic competence. UN M49 882 live enumeration confirmed 2026-09-14; M49 country/area label does not itself decide sovereignty or treaty status."
YE,Yemen,UN_M49_COUNTRY_OR_AREA,Asia / Western Asia,REGISTRY_ENUMERATED_RESEARCH_NOT_STARTED,P2,baseline legal-system/source mapping; AI/data/privacy/cyber/consumer/product/public-law interfaces,"UN M49 887 live country/area enumeration confirmed 2026-09-14. Enumeration does not decide sovereignty, recognition, treaty status, applicable law or domestic competence. UN M49 887 live enumeration confirmed 2026-09-14; M49 country/area label does not itself decide sovereignty or treaty status."
YT,Mayotte,UN_M49_COUNTRY_OR_AREA,Africa / Sub-Saharan Africa,REGISTRY_ENUMERATED_RESEARCH_NOT_STARTED,P2,baseline legal-system/source mapping; AI/data/privacy/cyber/consumer/product/public-law interfaces,"UN M49 175 live country/area enumeration confirmed 2026-09-14. Enumeration does not decide sovereignty, recognition, treaty status, applicable law or domestic competence. UN M49 175 live enumeration confirmed 2026-09-14; M49 country/area label does not itself decide sovereignty or treaty status."
ZA,South Africa,NATIONAL,AFRICA,RESEARCH_REQUIRED,P2,POPIA; constitutional rights; consumer; AI policy,African regional interfaces also relevant. UN M49 710 live enumeration confirmed 2026-09-14; M49 country/area label does not itself decide sovereignty or treaty status.
ZM,Zambia,UN_M49_COUNTRY_OR_AREA,Africa / Sub-Saharan Africa,REGISTRY_ENUMERATED_RESEARCH_NOT_STARTED,P2,baseline legal-system/source mapping; AI/data/privacy/cyber/consumer/product/public-law interfaces,"UN M49 894 live country/area enumeration confirmed 2026-09-14. Enumeration does not decide sovereignty, recognition, treaty status, applicable law or domestic competence. UN M49 894 live enumeration confirmed 2026-09-14; M49 country/area label does not itself decide sovereignty or treaty status."
ZW,Zimbabwe,UN_M49_COUNTRY_OR_AREA,Africa / Sub-Saharan Africa,REGISTRY_ENUMERATED_RESEARCH_NOT_STARTED,P2,baseline legal-system/source mapping; AI/data/privacy/cyber/consumer/product/public-law interfaces,"UN M49 716 live country/area enumeration confirmed 2026-09-14. Enumeration does not decide sovereignty, recognition, treaty status, applicable law or domestic competence. UN M49 716 live enumeration confirmed 2026-09-14; M49 country/area label does not itself decide sovereignty or treaty status."
US-AK,Alaska,SUBNATIONAL_STATE,NORTH_AMERICA,R007_ENUMERATED_STATE_RESEARCH_REQUIRED,P1,AI-specific statutes; privacy/biometrics; consumer; employment; sector law; preemption interfaces,Enumerated for 50-state + DC coverage. No negative inference; R007 did not verify whether an AI-specific statute is enacted/current here. U.S. Census state/statistical-equivalent code 02 live list confirmed 2026-09-14.
US-AL,Alabama,SUBNATIONAL_STATE,NORTH_AMERICA,R007_ENUMERATED_STATE_RESEARCH_REQUIRED,P1,AI-specific statutes; privacy/biometrics; consumer; employment; sector law; preemption interfaces,Enumerated for 50-state + DC coverage. No negative inference; R007 did not verify whether an AI-specific statute is enacted/current here. U.S. Census state/statistical-equivalent code 01 live list confirmed 2026-09-14.
US-AR,Arkansas,SUBNATIONAL_STATE,NORTH_AMERICA,R007_ENUMERATED_STATE_RESEARCH_REQUIRED,P1,AI-specific statutes; privacy/biometrics; consumer; employment; sector law; preemption interfaces,Enumerated for 50-state + DC coverage. No negative inference; R007 did not verify whether an AI-specific statute is enacted/current here. U.S. Census state/statistical-equivalent code 05 live list confirmed 2026-09-14.
US-AS,American Samoa,SUBNATIONAL_US_TERRITORY_OR_STATISTICAL_EQUIVALENT,NORTH_AMERICA,R002_ENUMERATED_SUBNATIONAL_RESEARCH_REQUIRED,P1,AI-specific statutes; privacy/biometrics; consumer; employment; public-sector use; sector law; federal/preemption interfaces,"U.S. Census state/statistical-equivalent code 60 live list confirmed 2026-09-14. Enumeration does not establish AI-specific law or legal equivalence among states, district and territories."
US-AZ,Arizona,SUBNATIONAL_STATE,NORTH_AMERICA,R007_ENUMERATED_STATE_RESEARCH_REQUIRED,P1,AI-specific statutes; privacy/biometrics; consumer; employment; sector law; preemption interfaces,Enumerated for 50-state + DC coverage. No negative inference; R007 did not verify whether an AI-specific statute is enacted/current here. U.S. Census state/statistical-equivalent code 04 live list confirmed 2026-09-14.
US-CA,California,SUBNATIONAL_STATE,NORTH_AMERICA,R007_ENUMERATED_STATE_RESEARCH_REQUIRED,P0,AI-specific statutes; privacy/biometrics; consumer; employment; sector law; preemption interfaces,Enumerated for 50-state + DC coverage. No negative inference; R007 did not verify whether an AI-specific statute is enacted/current here. U.S. Census state/statistical-equivalent code 06 live list confirmed 2026-09-14.
US-CO,Colorado,SUBNATIONAL_STATE,NORTH_AMERICA,R007_ENUMERATED_STATE_RESEARCH_REQUIRED,P0,AI-specific statutes; privacy/biometrics; consumer; employment; sector law; preemption interfaces,Enumerated for 50-state + DC coverage. No negative inference; R007 did not verify whether an AI-specific statute is enacted/current here. U.S. Census state/statistical-equivalent code 08 live list confirmed 2026-09-14.
US-CT,Connecticut,SUBNATIONAL_STATE,NORTH_AMERICA,R007_ENUMERATED_STATE_RESEARCH_REQUIRED,P1,AI-specific statutes; privacy/biometrics; consumer; employment; sector law; preemption interfaces,Enumerated for 50-state + DC coverage. No negative inference; R007 did not verify whether an AI-specific statute is enacted/current here. U.S. Census state/statistical-equivalent code 09 live list confirmed 2026-09-14.
US-DC,District of Columbia,FEDERAL_DISTRICT,NORTH_AMERICA,R007_ENUMERATED_STATE_RESEARCH_REQUIRED,P1,AI-specific statutes; privacy/biometrics; consumer; employment; sector law; preemption interfaces,Enumerated for 50-state + DC coverage. No negative inference; R007 did not verify whether an AI-specific statute is enacted/current here. U.S. Census state/statistical-equivalent code 11 live list confirmed 2026-09-14.
US-DE,Delaware,SUBNATIONAL_STATE,NORTH_AMERICA,R007_ENUMERATED_STATE_RESEARCH_REQUIRED,P1,AI-specific statutes; privacy/biometrics; consumer; employment; sector law; preemption interfaces,Enumerated for 50-state + DC coverage. No negative inference; R007 did not verify whether an AI-specific statute is enacted/current here. U.S. Census state/statistical-equivalent code 10 live list confirmed 2026-09-14.
US-FL,Florida,SUBNATIONAL_STATE,NORTH_AMERICA,R007_ENUMERATED_STATE_RESEARCH_REQUIRED,P1,AI-specific statutes; privacy/biometrics; consumer; employment; sector law; preemption interfaces,Enumerated for 50-state + DC coverage. No negative inference; R007 did not verify whether an AI-specific statute is enacted/current here. U.S. Census state/statistical-equivalent code 12 live list confirmed 2026-09-14.
US-GA,Georgia,SUBNATIONAL_STATE,NORTH_AMERICA,R007_ENUMERATED_STATE_RESEARCH_REQUIRED,P1,AI-specific statutes; privacy/biometrics; consumer; employment; sector law; preemption interfaces,Enumerated for 50-state + DC coverage. No negative inference; R007 did not verify whether an AI-specific statute is enacted/current here. U.S. Census state/statistical-equivalent code 13 live list confirmed 2026-09-14.
US-GU,Guam,SUBNATIONAL_US_TERRITORY_OR_STATISTICAL_EQUIVALENT,NORTH_AMERICA,R002_ENUMERATED_SUBNATIONAL_RESEARCH_REQUIRED,P1,AI-specific statutes; privacy/biometrics; consumer; employment; public-sector use; sector law; federal/preemption interfaces,"U.S. Census state/statistical-equivalent code 66 live list confirmed 2026-09-14. Enumeration does not establish AI-specific law or legal equivalence among states, district and territories."
US-HI,Hawaii,SUBNATIONAL_STATE,NORTH_AMERICA,R007_ENUMERATED_STATE_RESEARCH_REQUIRED,P1,AI-specific statutes; privacy/biometrics; consumer; employment; sector law; preemption interfaces,Enumerated for 50-state + DC coverage. No negative inference; R007 did not verify whether an AI-specific statute is enacted/current here. U.S. Census state/statistical-equivalent code 15 live list confirmed 2026-09-14.
US-IA,Iowa,SUBNATIONAL_STATE,NORTH_AMERICA,R007_ENUMERATED_STATE_RESEARCH_REQUIRED,P1,AI-specific statutes; privacy/biometrics; consumer; employment; sector law; preemption interfaces,Enumerated for 50-state + DC coverage. No negative inference; R007 did not verify whether an AI-specific statute is enacted/current here. U.S. Census state/statistical-equivalent code 19 live list confirmed 2026-09-14.
US-ID,Idaho,SUBNATIONAL_STATE,NORTH_AMERICA,R007_ENUMERATED_STATE_RESEARCH_REQUIRED,P1,AI-specific statutes; privacy/biometrics; consumer; employment; sector law; preemption interfaces,Enumerated for 50-state + DC coverage. No negative inference; R007 did not verify whether an AI-specific statute is enacted/current here. U.S. Census state/statistical-equivalent code 16 live list confirmed 2026-09-14.
US-IL,Illinois,SUBNATIONAL_STATE,NORTH_AMERICA,R007_ENUMERATED_STATE_RESEARCH_REQUIRED,P1,AI-specific statutes; privacy/biometrics; consumer; employment; sector law; preemption interfaces,Enumerated for 50-state + DC coverage. No negative inference; R007 did not verify whether an AI-specific statute is enacted/current here. U.S. Census state/statistical-equivalent code 17 live list confirmed 2026-09-14.
US-IN,Indiana,SUBNATIONAL_STATE,NORTH_AMERICA,R007_ENUMERATED_STATE_RESEARCH_REQUIRED,P1,AI-specific statutes; privacy/biometrics; consumer; employment; sector law; preemption interfaces,Enumerated for 50-state + DC coverage. No negative inference; R007 did not verify whether an AI-specific statute is enacted/current here. U.S. Census state/statistical-equivalent code 18 live list confirmed 2026-09-14.
US-KS,Kansas,SUBNATIONAL_STATE,NORTH_AMERICA,R007_ENUMERATED_STATE_RESEARCH_REQUIRED,P1,AI-specific statutes; privacy/biometrics; consumer; employment; sector law; preemption interfaces,Enumerated for 50-state + DC coverage. No negative inference; R007 did not verify whether an AI-specific statute is enacted/current here. U.S. Census state/statistical-equivalent code 20 live list confirmed 2026-09-14.
US-KY,Kentucky,SUBNATIONAL_STATE,NORTH_AMERICA,R007_ENUMERATED_STATE_RESEARCH_REQUIRED,P1,AI-specific statutes; privacy/biometrics; consumer; employment; sector law; preemption interfaces,Enumerated for 50-state + DC coverage. No negative inference; R007 did not verify whether an AI-specific statute is enacted/current here. U.S. Census state/statistical-equivalent code 21 live list confirmed 2026-09-14.
US-LA,Louisiana,SUBNATIONAL_STATE,NORTH_AMERICA,R007_ENUMERATED_STATE_RESEARCH_REQUIRED,P1,AI-specific statutes; privacy/biometrics; consumer; employment; sector law; preemption interfaces,Enumerated for 50-state + DC coverage. No negative inference; R007 did not verify whether an AI-specific statute is enacted/current here. U.S. Census state/statistical-equivalent code 22 live list confirmed 2026-09-14.
US-MA,Massachusetts,SUBNATIONAL_STATE,NORTH_AMERICA,R007_ENUMERATED_STATE_RESEARCH_REQUIRED,P1,AI-specific statutes; privacy/biometrics; consumer; employment; sector law; preemption interfaces,Enumerated for 50-state + DC coverage. No negative inference; R007 did not verify whether an AI-specific statute is enacted/current here. U.S. Census state/statistical-equivalent code 25 live list confirmed 2026-09-14.
US-MD,Maryland,SUBNATIONAL_STATE,NORTH_AMERICA,R007_ENUMERATED_STATE_RESEARCH_REQUIRED,P1,AI-specific statutes; privacy/biometrics; consumer; employment; sector law; preemption interfaces,Enumerated for 50-state + DC coverage. No negative inference; R007 did not verify whether an AI-specific statute is enacted/current here. U.S. Census state/statistical-equivalent code 24 live list confirmed 2026-09-14.
US-ME,Maine,SUBNATIONAL_STATE,NORTH_AMERICA,R007_ENUMERATED_STATE_RESEARCH_REQUIRED,P1,AI-specific statutes; privacy/biometrics; consumer; employment; sector law; preemption interfaces,Enumerated for 50-state + DC coverage. No negative inference; R007 did not verify whether an AI-specific statute is enacted/current here. U.S. Census state/statistical-equivalent code 23 live list confirmed 2026-09-14.
US-MI,Michigan,SUBNATIONAL_STATE,NORTH_AMERICA,R007_ENUMERATED_STATE_RESEARCH_REQUIRED,P1,AI-specific statutes; privacy/biometrics; consumer; employment; sector law; preemption interfaces,Enumerated for 50-state + DC coverage. No negative inference; R007 did not verify whether an AI-specific statute is enacted/current here. U.S. Census state/statistical-equivalent code 26 live list confirmed 2026-09-14.
US-MN,Minnesota,SUBNATIONAL_STATE,NORTH_AMERICA,R007_ENUMERATED_STATE_RESEARCH_REQUIRED,P1,AI-specific statutes; privacy/biometrics; consumer; employment; sector law; preemption interfaces,Enumerated for 50-state + DC coverage. No negative inference; R007 did not verify whether an AI-specific statute is enacted/current here. U.S. Census state/statistical-equivalent code 27 live list confirmed 2026-09-14.
US-MO,Missouri,SUBNATIONAL_STATE,NORTH_AMERICA,R007_ENUMERATED_STATE_RESEARCH_REQUIRED,P1,AI-specific statutes; privacy/biometrics; consumer; employment; sector law; preemption interfaces,Enumerated for 50-state + DC coverage. No negative inference; R007 did not verify whether an AI-specific statute is enacted/current here. U.S. Census state/statistical-equivalent code 29 live list confirmed 2026-09-14.
US-MP,Northern Mariana Islands,SUBNATIONAL_US_TERRITORY_OR_STATISTICAL_EQUIVALENT,NORTH_AMERICA,R002_ENUMERATED_SUBNATIONAL_RESEARCH_REQUIRED,P1,AI-specific statutes; privacy/biometrics; consumer; employment; public-sector use; sector law; federal/preemption interfaces,"U.S. Census state/statistical-equivalent code 69 live list confirmed 2026-09-14. Enumeration does not establish AI-specific law or legal equivalence among states, district and territories."
US-MS,Mississippi,SUBNATIONAL_STATE,NORTH_AMERICA,R007_ENUMERATED_STATE_RESEARCH_REQUIRED,P1,AI-specific statutes; privacy/biometrics; consumer; employment; sector law; preemption interfaces,Enumerated for 50-state + DC coverage. No negative inference; R007 did not verify whether an AI-specific statute is enacted/current here. U.S. Census state/statistical-equivalent code 28 live list confirmed 2026-09-14.
US-MT,Montana,SUBNATIONAL_STATE,NORTH_AMERICA,R007_ENUMERATED_STATE_RESEARCH_REQUIRED,P1,AI-specific statutes; privacy/biometrics; consumer; employment; sector law; preemption interfaces,Enumerated for 50-state + DC coverage. No negative inference; R007 did not verify whether an AI-specific statute is enacted/current here. U.S. Census state/statistical-equivalent code 30 live list confirmed 2026-09-14.
US-NC,North Carolina,SUBNATIONAL_STATE,NORTH_AMERICA,R007_ENUMERATED_STATE_RESEARCH_REQUIRED,P1,AI-specific statutes; privacy/biometrics; consumer; employment; sector law; preemption interfaces,Enumerated for 50-state + DC coverage. No negative inference; R007 did not verify whether an AI-specific statute is enacted/current here. U.S. Census state/statistical-equivalent code 37 live list confirmed 2026-09-14.
US-ND,North Dakota,SUBNATIONAL_STATE,NORTH_AMERICA,R007_ENUMERATED_STATE_RESEARCH_REQUIRED,P1,AI-specific statutes; privacy/biometrics; consumer; employment; sector law; preemption interfaces,Enumerated for 50-state + DC coverage. No negative inference; R007 did not verify whether an AI-specific statute is enacted/current here. U.S. Census state/statistical-equivalent code 38 live list confirmed 2026-09-14.
US-NE,Nebraska,SUBNATIONAL_STATE,NORTH_AMERICA,R007_ENUMERATED_STATE_RESEARCH_REQUIRED,P1,AI-specific statutes; privacy/biometrics; consumer; employment; sector law; preemption interfaces,Enumerated for 50-state + DC coverage. No negative inference; R007 did not verify whether an AI-specific statute is enacted/current here. U.S. Census state/statistical-equivalent code 31 live list confirmed 2026-09-14.
US-NH,New Hampshire,SUBNATIONAL_STATE,NORTH_AMERICA,R007_ENUMERATED_STATE_RESEARCH_REQUIRED,P1,AI-specific statutes; privacy/biometrics; consumer; employment; sector law; preemption interfaces,Enumerated for 50-state + DC coverage. No negative inference; R007 did not verify whether an AI-specific statute is enacted/current here. U.S. Census state/statistical-equivalent code 33 live list confirmed 2026-09-14.
US-NJ,New Jersey,SUBNATIONAL_STATE,NORTH_AMERICA,R007_ENUMERATED_STATE_RESEARCH_REQUIRED,P1,AI-specific statutes; privacy/biometrics; consumer; employment; sector law; preemption interfaces,Enumerated for 50-state + DC coverage. No negative inference; R007 did not verify whether an AI-specific statute is enacted/current here. U.S. Census state/statistical-equivalent code 34 live list confirmed 2026-09-14.
US-NM,New Mexico,SUBNATIONAL_STATE,NORTH_AMERICA,R007_ENUMERATED_STATE_RESEARCH_REQUIRED,P1,AI-specific statutes; privacy/biometrics; consumer; employment; sector law; preemption interfaces,Enumerated for 50-state + DC coverage. No negative inference; R007 did not verify whether an AI-specific statute is enacted/current here. U.S. Census state/statistical-equivalent code 35 live list confirmed 2026-09-14.
US-NV,Nevada,SUBNATIONAL_STATE,NORTH_AMERICA,R007_ENUMERATED_STATE_RESEARCH_REQUIRED,P1,AI-specific statutes; privacy/biometrics; consumer; employment; sector law; preemption interfaces,Enumerated for 50-state + DC coverage. No negative inference; R007 did not verify whether an AI-specific statute is enacted/current here. U.S. Census state/statistical-equivalent code 32 live list confirmed 2026-09-14.
US-NY,New York,SUBNATIONAL_STATE,NORTH_AMERICA,R007_ENUMERATED_STATE_RESEARCH_REQUIRED,P0,AI-specific statutes; privacy/biometrics; consumer; employment; sector law; preemption interfaces,Enumerated for 50-state + DC coverage. No negative inference; R007 did not verify whether an AI-specific statute is enacted/current here. U.S. Census state/statistical-equivalent code 36 live list confirmed 2026-09-14.
US-OH,Ohio,SUBNATIONAL_STATE,NORTH_AMERICA,R007_ENUMERATED_STATE_RESEARCH_REQUIRED,P1,AI-specific statutes; privacy/biometrics; consumer; employment; sector law; preemption interfaces,Enumerated for 50-state + DC coverage. No negative inference; R007 did not verify whether an AI-specific statute is enacted/current here. U.S. Census state/statistical-equivalent code 39 live list confirmed 2026-09-14.
US-OK,Oklahoma,SUBNATIONAL_STATE,NORTH_AMERICA,R007_ENUMERATED_STATE_RESEARCH_REQUIRED,P1,AI-specific statutes; privacy/biometrics; consumer; employment; sector law; preemption interfaces,Enumerated for 50-state + DC coverage. No negative inference; R007 did not verify whether an AI-specific statute is enacted/current here. U.S. Census state/statistical-equivalent code 40 live list confirmed 2026-09-14.
US-OR,Oregon,SUBNATIONAL_STATE,NORTH_AMERICA,R007_ENUMERATED_STATE_RESEARCH_REQUIRED,P1,AI-specific statutes; privacy/biometrics; consumer; employment; sector law; preemption interfaces,Enumerated for 50-state + DC coverage. No negative inference; R007 did not verify whether an AI-specific statute is enacted/current here. U.S. Census state/statistical-equivalent code 41 live list confirmed 2026-09-14.
US-PA,Pennsylvania,SUBNATIONAL_STATE,NORTH_AMERICA,R007_ENUMERATED_STATE_RESEARCH_REQUIRED,P1,AI-specific statutes; privacy/biometrics; consumer; employment; sector law; preemption interfaces,Enumerated for 50-state + DC coverage. No negative inference; R007 did not verify whether an AI-specific statute is enacted/current here. U.S. Census state/statistical-equivalent code 42 live list confirmed 2026-09-14.
US-PR,Puerto Rico,SUBNATIONAL_US_TERRITORY_OR_STATISTICAL_EQUIVALENT,NORTH_AMERICA,R002_ENUMERATED_SUBNATIONAL_RESEARCH_REQUIRED,P1,AI-specific statutes; privacy/biometrics; consumer; employment; public-sector use; sector law; federal/preemption interfaces,"U.S. Census state/statistical-equivalent code 72 live list confirmed 2026-09-14. Enumeration does not establish AI-specific law or legal equivalence among states, district and territories."
US-RI,Rhode Island,SUBNATIONAL_STATE,NORTH_AMERICA,R007_ENUMERATED_STATE_RESEARCH_REQUIRED,P1,AI-specific statutes; privacy/biometrics; consumer; employment; sector law; preemption interfaces,Enumerated for 50-state + DC coverage. No negative inference; R007 did not verify whether an AI-specific statute is enacted/current here. U.S. Census state/statistical-equivalent code 44 live list confirmed 2026-09-14.
US-SC,South Carolina,SUBNATIONAL_STATE,NORTH_AMERICA,R007_ENUMERATED_STATE_RESEARCH_REQUIRED,P1,AI-specific statutes; privacy/biometrics; consumer; employment; sector law; preemption interfaces,Enumerated for 50-state + DC coverage. No negative inference; R007 did not verify whether an AI-specific statute is enacted/current here. U.S. Census state/statistical-equivalent code 45 live list confirmed 2026-09-14.
US-SD,South Dakota,SUBNATIONAL_STATE,NORTH_AMERICA,R007_ENUMERATED_STATE_RESEARCH_REQUIRED,P1,AI-specific statutes; privacy/biometrics; consumer; employment; sector law; preemption interfaces,Enumerated for 50-state + DC coverage. No negative inference; R007 did not verify whether an AI-specific statute is enacted/current here. U.S. Census state/statistical-equivalent code 46 live list confirmed 2026-09-14.
US-TN,Tennessee,SUBNATIONAL_STATE,NORTH_AMERICA,R007_ENUMERATED_STATE_RESEARCH_REQUIRED,P1,AI-specific statutes; privacy/biometrics; consumer; employment; sector law; preemption interfaces,Enumerated for 50-state + DC coverage. No negative inference; R007 did not verify whether an AI-specific statute is enacted/current here. U.S. Census state/statistical-equivalent code 47 live list confirmed 2026-09-14.
US-TX,Texas,SUBNATIONAL_STATE,NORTH_AMERICA,R007_OFFICIAL_CODE_PORTAL_REACHABLE_CONTENT_UNRESOLVED,P0,AI-specific statutes; privacy/biometrics; consumer; employment; sector law; preemption interfaces,Candidate official Business & Commerce Code Chapter 552 endpoint reachable but client-rendered shell prevented substantive identity/currentness verification; preserve RESEARCH_REQUIRED. U.S. Census state/statistical-equivalent code 48 live list confirmed 2026-09-14.
US-UM,U.S. Minor Outlying Islands,SUBNATIONAL_US_TERRITORY_OR_STATISTICAL_EQUIVALENT,NORTH_AMERICA,R002_ENUMERATED_SUBNATIONAL_RESEARCH_REQUIRED,P1,AI-specific statutes; privacy/biometrics; consumer; employment; public-sector use; sector law; federal/preemption interfaces,"U.S. Census state/statistical-equivalent code 74 live list confirmed 2026-09-14. Enumeration does not establish AI-specific law or legal equivalence among states, district and territories."
US-UT,Utah,SUBNATIONAL_STATE,NORTH_AMERICA,R007_CURRENT_AI_SPECIFIC_STATUTE_SOURCE_VERIFIED_L1,P0,AI-specific statutes; privacy/biometrics; consumer; employment; sector law; preemption interfaces,Utah Code Title 13 Chapter 72 current identity verified; Section 13-72-101 current version C13-72-S101_2026050620260506 effective 2026-05-06; future-change signal 2027-07-01; whole chapter section-by-section currentness remains open. U.S. Census state/statistical-equivalent code 49 live list confirmed 2026-09-14.
US-VA,Virginia,SUBNATIONAL_STATE,NORTH_AMERICA,R007_ENUMERATED_STATE_RESEARCH_REQUIRED,P1,AI-specific statutes; privacy/biometrics; consumer; employment; sector law; preemption interfaces,Enumerated for 50-state + DC coverage. No negative inference; R007 did not verify whether an AI-specific statute is enacted/current here. U.S. Census state/statistical-equivalent code 51 live list confirmed 2026-09-14.
US-VI,U.S. Virgin Islands,SUBNATIONAL_US_TERRITORY_OR_STATISTICAL_EQUIVALENT,NORTH_AMERICA,R002_ENUMERATED_SUBNATIONAL_RESEARCH_REQUIRED,P1,AI-specific statutes; privacy/biometrics; consumer; employment; public-sector use; sector law; federal/preemption interfaces,"U.S. Census state/statistical-equivalent code 78 live list confirmed 2026-09-14. Enumeration does not establish AI-specific law or legal equivalence among states, district and territories."
US-VT,Vermont,SUBNATIONAL_STATE,NORTH_AMERICA,R007_ENUMERATED_STATE_RESEARCH_REQUIRED,P1,AI-specific statutes; privacy/biometrics; consumer; employment; sector law; preemption interfaces,Enumerated for 50-state + DC coverage. No negative inference; R007 did not verify whether an AI-specific statute is enacted/current here. U.S. Census state/statistical-equivalent code 50 live list confirmed 2026-09-14.
US-WA,Washington,SUBNATIONAL_STATE,NORTH_AMERICA,R007_ENUMERATED_STATE_RESEARCH_REQUIRED,P1,AI-specific statutes; privacy/biometrics; consumer; employment; sector law; preemption interfaces,Enumerated for 50-state + DC coverage. No negative inference; R007 did not verify whether an AI-specific statute is enacted/current here. U.S. Census state/statistical-equivalent code 53 live list confirmed 2026-09-14.
US-WI,Wisconsin,SUBNATIONAL_STATE,NORTH_AMERICA,R007_ENUMERATED_STATE_RESEARCH_REQUIRED,P1,AI-specific statutes; privacy/biometrics; consumer; employment; sector law; preemption interfaces,Enumerated for 50-state + DC coverage. No negative inference; R007 did not verify whether an AI-specific statute is enacted/current here. U.S. Census state/statistical-equivalent code 55 live list confirmed 2026-09-14.
US-WV,West Virginia,SUBNATIONAL_STATE,NORTH_AMERICA,R007_ENUMERATED_STATE_RESEARCH_REQUIRED,P1,AI-specific statutes; privacy/biometrics; consumer; employment; sector law; preemption interfaces,Enumerated for 50-state + DC coverage. No negative inference; R007 did not verify whether an AI-specific statute is enacted/current here. U.S. Census state/statistical-equivalent code 54 live list confirmed 2026-09-14.
US-WY,Wyoming,SUBNATIONAL_STATE,NORTH_AMERICA,R007_ENUMERATED_STATE_RESEARCH_REQUIRED,P1,AI-specific statutes; privacy/biometrics; consumer; employment; sector law; preemption interfaces,Enumerated for 50-state + DC coverage. No negative inference; R007 did not verify whether an AI-specific statute is enacted/current here. U.S. Census state/statistical-equivalent code 56 live list confirmed 2026-09-14.
